Date,Rate
2/24/2000,1.778
2/25/2000,1.774532
2/28/2000,1.773355
2/29/2000,1.776178
3/1/2000,1.767353
3/2/2000,1.760648
3/3/2000,1.756
3/6/2000,1.743826
3/7/2000,1.744698
3/8/2000,1.744
3/9/2000,1.740522
3/10/2000,1.737347
3/13/2000,1.744826
3/14/2000,1.743302
3/15/2000,1.738
3/16/2000,1.73913
3/17/2000,1.740696
3/20/2000,1.738695
3/21/2000,1.737347
3/22/2000,1.733693
3/23/2000,1.727136
3/24/2000,1.719
3/27/2000,1.733
3/28/2000,1.748
3/29/2000,1.741696
3/30/2000,1.743651
3/31/2000,1.744302
4/3/2000,1.73248
4/4/2000,1.74187
4/5/2000,1.745174
4/6/2000,1.748874
4/7/2000,1.740522
4/10/2000,1.739478
4/11/2000,1.741477
4/12/2000,1.741477
4/13/2000,1.754
4/14/2000,1.779466
4/17/2000,1.785
4/18/2000,1.775
4/19/2000,1.760176
4/20/2000,1.775
4/21/2000,1.776355
4/24/2000,1.776355
4/25/2000,1.792358
4/26/2000,1.788358
4/27/2000,1.80064
4/28/2000,1.804541
5/1/2000,1.80418
5/2/2000,1.804722
5/3/2000,1.80164
5/4/2000,1.815544
5/5/2000,1.810181
5/8/2000,1.79864
5/9/2000,1.805819
5/10/2000,1.809095
5/11/2000,1.814363
5/12/2000,1.814363
5/15/2000,1.836
5/16/2000,1.823
5/17/2000,1.817182
5/18/2000,1.829914
5/19/2000,1.834184
5/22/2000,1.839736
5/23/2000,1.85
5/24/2000,1.853444
5/25/2000,1.84
5/26/2000,1.845815
5/29/2000,1.829085
5/30/2000,1.823729
5/31/2000,1.81991
6/5/2000,1.8
6/6/2000,1.79
6/7/2000,1.801099
6/8/2000,1.794359
6/9/2000,1.80254
6/12/2000,1.8001
6/13/2000,1.805902
6/14/2000,1.810276
6/15/2000,1.809
6/16/2000,1.810905
6/19/2000,1.80182
6/20/2000,1.801279
6/21/2000,1.8009
6/22/2000,1.810362
6/23/2000,1.810819
6/26/2000,1.825183
6/27/2000,1.821182
6/28/2000,1.817545
6/29/2000,1.818454
6/30/2000,1.811275
7/3/2000,1.805639
7/4/2000,1.812819
7/5/2000,1.808542
7/6/2000,1.80018
7/7/2000,1.79982
7/10/2000,1.80018
7/11/2000,1.793538
7/12/2000,1.80254
7/13/2000,1.80254
7/14/2000,1.810181
7/17/2000,1.80154
7/18/2000,1.795718
7/19/2000,1.795641
7/20/2000,1.802901
7/21/2000,1.794641
7/24/2000,1.793179
7/25/2000,1.789463
7/26/2000,1.791358
7/27/2000,1.786179
7/28/2000,1.779644
7/31/2000,1.784286
8/1/2000,1.779466
8/2/2000,1.787285
8/3/2000,1.791821
8/4/2000,1.792821
8/7/2000,1.790104
8/8/2000,1.79682
8/9/2000,1.793359
8/10/2000,1.795641
8/11/2000,1.795898
8/14/2000,1.8
8/15/2000,1.803902
8/16/2000,1.803361
8/17/2000,1.810094
8/18/2000,1.808723
8/21/2000,1.816363
8/22/2000,1.822364
8/23/2000,1.817
8/24/2000,1.821728
8/25/2000,1.819182
8/28/2000,1.821
8/29/2000,1.831
8/30/2000,1.825635
8/31/2000,1.823365
9/1/2000,1.822271
9/4/2000,1.822271
9/5/2000,1.825912
9/6/2000,1.820454
9/7/2000,1.820818
9/8/2000,1.818454
9/11/2000,1.815726
9/12/2000,1.824365
9/13/2000,1.829183
9/14/2000,1.829549
9/15/2000,1.837184
9/18/2000,1.845446
9/19/2000,1.856814
9/20/2000,1.84974
9/21/2000,1.853815
9/22/2000,1.843553
9/25/2000,1.840184
9/26/2000,1.84837
9/27/2000,1.850925
9/28/2000,1.844
9/29/2000,1.843262
10/2/2000,1.843369
10/3/2000,1.850074
10/4/2000,1.849815
10/5/2000,1.851444
10/6/2000,1.846923
10/9/2000,1.853944
10/10/2000,1.854194
10/11/2000,1.856928
10/12/2000,1.859814
10/13/2000,1.864436
10/16/2000,1.870687
10/17/2000,1.864068
10/18/2000,1.869752
10/19/2000,1.873687
10/20/2000,1.877938
10/23/2000,1.885442
10/24/2000,1.894697
10/25/2000,1.9105
10/26/2000,1.928771
10/27/2000,1.931522
10/30/2000,1.913484
10/31/2000,1.911882
11/1/2000,1.90038
11/2/2000,1.91775
11/3/2000,1.918709
11/6/2000,1.9415
11/7/2000,1.938969
11/8/2000,1.952976
11/9/2000,1.975895
11/10/2000,1.968697
11/13/2000,1.950945
11/14/2000,1.9505
11/15/2000,1.951
11/16/2000,1.946695
11/17/2000,1.95064
11/20/2000,1.917267
11/21/2000,1.915442
11/22/2000,1.920076
11/23/2000,1.931465
11/24/2000,1.957783
11/27/2000,1.959229
11/28/2000,1.970538
11/29/2000,1.9665
11/30/2000,1.9555
12/1/2000,1.979291
12/4/2000,1.975145
12/5/2000,1.978198
12/6/2000,1.956782
12/7/2000,1.973592
12/8/2000,1.973697
12/11/2000,1.968394
12/12/2000,1.9665
12/13/2000,1.967393
12/14/2000,1.964035
12/15/2000,1.963589
12/18/2000,1.965786
12/19/2000,1.95475
12/20/2000,1.955727
12/21/2000,1.959796
12/22/2000,1.952531
12/25/2000,1.959229
12/26/2000,1.959696
12/27/2000,1.96
12/28/2000,1.956837
12/29/2000,1.949695
1/1/2001,1.950475
1/2/2001,1.94989
1/3/2001,1.941944
1/4/2001,1.9309
1/5/2001,1.943194
1/8/2001,1.955232
1/9/2001,1.947584
1/10/2001,1.941944
1/11/2001,1.943139
1/12/2001,1.9555
1/15/2001,1.948279
1/16/2001,1.949279
1/17/2001,1.951445
1/18/2001,1.960334
1/19/2001,1.95725
1/22/2001,1.957642
1/23/2001,1.956337
1/24/2001,1.959283
1/25/2001,1.973039
1/26/2001,1.975198
1/29/2001,1.973539
1/30/2001,1.974237
1/31/2001,1.970197
2/1/2001,1.971197
2/2/2001,1.98875
2/5/2001,1.987295
2/6/2001,2.00145
2/7/2001,2.00145
2/8/2001,2.004252
2/9/2001,1.9895
2/12/2001,1.980792
2/13/2001,1.9825
2/14/2001,1.982948
2/15/2001,1.986147
2/16/2001,1.991699
2/19/2001,1.99795
2/20/2001,2.00095
2/21/2001,2.010103
2/22/2001,2.041612
2/23/2001,2.036861
2/26/2001,2.03375
2/27/2001,2.032156
2/28/2001,2.036157
3/1/2001,2.046022
3/2/2001,2.040408
3/5/2001,2.029014
3/6/2001,2.020904
3/7/2001,2.03486
3/8/2001,2.040816
3/9/2001,2.05157
3/12/2001,2.042704
3/13/2001,2.059706
3/14/2001,2.062119
3/15/2001,2.077623
3/16/2001,2.095669
3/19/2001,2.127213
3/20/2001,2.114846
3/21/2001,2.083417
3/22/2001,2.119424
3/23/2001,2.162148
3/26/2001,2.171651
3/27/2001,2.133427
3/28/2001,2.1225
3/29/2001,2.153326
3/30/2001,2.153111
4/2/2001,2.15218
4/3/2001,2.17475
4/4/2001,2.178371
4/5/2001,2.173652
4/6/2001,2.15243
4/9/2001,2.165332
4/10/2001,2.157363
4/11/2001,2.138105
4/12/2001,2.149715
4/13/2001,2.153965
4/16/2001,2.195878
4/17/2001,2.195097
4/18/2001,2.197098
4/19/2001,2.178
4/20/2001,2.187719
4/23/2001,2.187937
4/24/2001,2.25825
4/25/2001,2.270385
4/26/2001,2.288186
4/27/2001,2.2425
4/30/2001,2.20216
5/1/2001,2.20022
5/2/2001,2.20119
5/3/2001,2.240146
5/4/2001,2.210605
5/7/2001,2.205941
5/8/2001,2.21425
5/9/2001,2.244898
5/10/2001,2.247699
5/11/2001,2.260904
5/14/2001,2.285914
5/15/2001,2.313231
5/16/2001,2.338952
5/17/2001,2.314657
5/18/2001,2.304441
5/21/2001,2.305652
5/22/2001,2.319928
5/23/2001,2.32743
5/24/2001,2.346
5/25/2001,2.35072
5/28/2001,2.319946
5/29/2001,2.337451
5/30/2001,2.348204
5/31/2001,2.343937
6/1/2001,2.381976
6/4/2001,2.380202
6/5/2001,2.385942
6/6/2001,2.383738
6/7/2001,2.388705
6/8/2001,2.361472
6/11/2001,2.360444
6/12/2001,2.38
6/13/2001,2.405202
6/14/2001,2.422242
6/15/2001,2.423735
6/18/2001,2.413974
6/19/2001,2.464485
6/20/2001,2.480242
6/21/2001,2.47474
6/22/2001,2.369237
6/25/2001,2.29873
6/26/2001,2.30115
6/27/2001,2.329733
6/28/2001,2.277411
6/29/2001,2.314463
7/2/2001,2.316408
7/3/2001,2.330915
7/4/2001,2.351455
7/5/2001,2.387455
7/6/2001,2.48375
7/9/2001,2.441994
7/10/2001,2.44874
7/11/2001,2.495249
7/12/2001,2.501
7/13/2001,2.552521
7/16/2001,2.564507
7/17/2001,2.578289
7/18/2001,2.4725
7/19/2001,2.50475
7/20/2001,2.49875
7/24/2001,2.41325
7/25/2001,2.472494
7/26/2001,2.469
7/27/2001,2.506252
7/30/2001,2.456732
7/31/2001,2.424469
8/1/2001,2.470238
8/2/2001,2.497749
8/3/2001,2.488995
8/6/2001,2.50275
8/7/2001,2.455727
8/8/2001,2.473497
8/9/2001,2.469494
8/10/2001,2.476993
8/13/2001,2.46175
8/14/2001,2.4995
8/15/2001,2.514503
8/16/2001,2.493249
8/17/2001,2.50075
8/20/2001,2.519256
8/21/2001,2.518252
8/22/2001,2.550505
8/23/2001,2.521508
8/24/2001,2.53075
8/27/2001,2.547273
8/28/2001,2.557017
8/29/2001,2.558012
8/30/2001,2.545017
8/31/2001,2.531765
9/3/2001,2.564275
9/4/2001,2.5655
9/5/2001,2.554511
9/6/2001,2.58154
9/7/2001,2.582008
9/10/2001,2.572907
9/11/2001,2.60152
9/13/2001,2.688556
9/14/2001,2.673517
9/17/2001,2.678536
9/18/2001,2.666
9/19/2001,2.694539
9/20/2001,2.710813
9/21/2001,2.769607
9/24/2001,2.832165
9/25/2001,2.70079
9/26/2001,2.713356
9/27/2001,2.743097
9/28/2001,2.674552
10/1/2001,2.671068
10/2/2001,2.684768
10/3/2001,2.705852
10/4/2001,2.72659
10/5/2001,2.741274
10/8/2001,2.775055
10/9/2001,2.765553
10/10/2001,2.780278
10/11/2001,2.770304
10/12/2001,2.781334
10/15/2001,2.782778
10/16/2001,2.767383
10/17/2001,2.709854
10/18/2001,2.722589
10/19/2001,2.760129
10/22/2001,2.755301
10/23/2001,2.718087
10/24/2001,2.732593
10/25/2001,2.761604
10/26/2001,2.714772
10/29/2001,2.724545
10/30/2001,2.722544
10/31/2001,2.71975
11/1/2001,2.686306
11/5/2001,2.6721
11/6/2001,2.6414
11/7/2001,2.5939
11/8/2001,2.6111
11/9/2001,2.55375
11/13/2001,2.5502
11/14/2001,2.53435
11/15/2001,2.53175
11/16/2001,2.5435
11/19/2001,2.54715
11/20/2001,2.50945
11/21/2001,2.5254
11/22/2001,2.5523
11/23/2001,2.53525
11/26/2001,2.5208
11/27/2001,2.49125
11/28/2001,2.4598
11/29/2001,2.48575
11/30/2001,2.5054
12/3/2001,2.52915
12/4/2001,2.4888
12/5/2001,2.4303
12/6/2001,2.4145
12/7/2001,2.45475
12/10/2001,2.41455
12/11/2001,2.3731
12/12/2001,2.3248
12/13/2001,2.34555
12/14/2001,2.37935
12/17/2001,2.39255
12/18/2001,2.38045
12/19/2001,2.3479
12/20/2001,2.30625
12/21/2001,2.3331
12/24/2001,2.32195
12/26/2001,2.32195
12/27/2001,2.32195
12/28/2001,2.31135
12/31/2001,2.31565
1/2/2002,2.29695
1/3/2002,2.3055
1/4/2002,2.2887
1/7/2002,2.29645
1/8/2002,2.34485
1/9/2002,2.3356
1/10/2002,2.38935
1/11/2002,2.3843
1/14/2002,2.438
1/15/2002,2.4015
1/16/2002,2.38005
1/17/2002,2.39015
1/18/2002,2.3605
1/21/2002,2.38675
1/22/2002,2.37345
1/23/2002,2.3637
1/24/2002,2.381
1/25/2002,2.39075
1/28/2002,2.3948
1/29/2002,2.4067
1/30/2002,2.42655
1/31/2002,2.43755
2/1/2002,2.42155
2/4/2002,2.41005
2/5/2002,2.4233
2/6/2002,2.4217
2/7/2002,2.4185
2/8/2002,2.439
2/11/2002,2.4799
2/12/2002,2.45065
2/13/2002,2.45725
2/14/2002,2.46005
2/15/2002,2.4093
2/18/2002,2.43785
2/19/2002,2.4236
2/20/2002,2.4261
2/21/2002,2.42605
2/22/2002,2.41975
2/25/2002,2.42105
2/26/2002,2.42065
2/27/2002,2.3825
2/28/2002,2.3934
3/1/2002,2.3552
3/4/2002,2.3642
3/5/2002,2.3396
3/6/2002,2.32335
3/7/2002,2.3284
3/8/2002,2.3637
3/11/2002,2.3724
3/12/2002,2.35125
3/13/2002,2.3469
3/14/2002,2.3307
3/18/2002,2.34565
3/19/2002,2.347
3/20/2002,2.34285
3/21/2002,2.34655
3/22/2002,2.344
3/25/2002,2.33995
3/26/2002,2.3626
3/27/2002,2.36455
3/28/2002,2.35015
3/29/2002,2.32295
4/1/2002,2.32295
4/2/2002,2.32295
4/3/2002,2.3021
4/4/2002,2.2947
4/5/2002,2.3123
4/8/2002,2.3045
4/9/2002,2.2789
4/10/2002,2.29225
4/11/2002,2.28445
4/12/2002,2.26655
4/15/2002,2.28625
4/16/2002,2.29405
4/17/2002,2.31975
4/18/2002,2.3169
4/19/2002,2.32235
4/22/2002,2.32375
4/23/2002,2.3331
4/24/2002,2.34055
4/25/2002,2.3617
4/26/2002,2.35795
4/29/2002,2.36345
4/30/2002,2.372
5/1/2002,2.36195
5/2/2002,2.36195
5/3/2002,2.3621
5/6/2002,2.3976
5/7/2002,2.4058
5/8/2002,2.41935
5/9/2002,2.43125
5/10/2002,2.43125
5/13/2002,2.47315
5/14/2002,2.46515
5/15/2002,2.51815
5/16/2002,2.5079
5/17/2002,2.5055
5/20/2002,2.46555
5/21/2002,2.46555
5/22/2002,2.47995
5/23/2002,2.4813
5/24/2002,2.5217
5/27/2002,2.5304
5/28/2002,2.51725
5/29/2002,2.52495
5/30/2002,2.5254
5/31/2002,2.5105
6/4/2002,2.51965
6/5/2002,2.53385
6/6/2002,2.605
6/7/2002,2.6028
6/10/2002,2.66275
6/11/2002,2.63475
6/12/2002,2.63895
6/13/2002,2.72175
6/14/2002,2.76825
6/17/2002,2.70825
6/18/2002,2.7154
6/19/2002,2.659
6/20/2002,2.7191
6/21/2002,2.70515
6/24/2002,2.75515
6/25/2002,2.8299
6/26/2002,2.7795
6/27/2002,2.8233
6/28/2002,2.85895
7/1/2002,2.82485
7/2/2002,2.8173
7/3/2002,2.8966
7/4/2002,2.89375
7/5/2002,2.86125
7/9/2002,2.8724
7/10/2002,2.8634
7/11/2002,2.85925
7/12/2002,2.856
7/15/2002,2.8003
7/17/2002,2.85155
7/18/2002,2.8737
7/19/2002,2.89915
7/22/2002,2.8566
7/23/2002,2.867
7/24/2002,2.90335
7/25/2002,2.91995
7/26/2002,2.94195
7/30/2002,3.0127
7/31/2002,3.25395
8/1/2002,3.2933
8/2/2002,3.45755
8/5/2002,3.10445
8/6/2002,3.0052
8/7/2002,3.16485
8/8/2002,3.10295
8/9/2002,3.01455
8/12/2002,2.9181
8/13/2002,3.0477
8/14/2002,3.15675
8/15/2002,3.1617
8/16/2002,3.20135
8/19/2002,3.19965
8/20/2002,3.1281
8/21/2002,3.1033
8/22/2002,3.10235
8/23/2002,3.0803
8/26/2002,3.1373
8/27/2002,3.1096
8/28/2002,3.0927
8/29/2002,3.1386
8/30/2002,3.1152
9/2/2002,3.07215
9/3/2002,3.00775
9/4/2002,3.06015
9/5/2002,3.09355
9/6/2002,3.10995
9/9/2002,3.15435
9/11/2002,3.1059
9/12/2002,3.13515
9/13/2002,3.10415
9/16/2002,3.12385
9/17/2002,3.1615
9/18/2002,3.2153
9/19/2002,3.2736
9/20/2002,3.2736
9/23/2002,3.44975
9/24/2002,3.3991
9/25/2002,3.56535
9/26/2002,3.77635
9/27/2002,3.6617
9/30/2002,3.755
10/1/2002,3.8703
10/2/2002,3.7557
10/3/2002,3.61185
10/4/2002,3.61185
10/7/2002,3.6946
10/8/2002,3.61535
10/9/2002,3.73715
10/10/2002,3.7182
10/11/2002,3.87485
10/14/2002,3.9506
10/15/2002,3.8091
10/16/2002,3.81935
10/17/2002,3.8392
10/18/2002,3.93435
10/22/2002,3.86805
10/23/2002,3.86805
10/24/2002,3.88965
10/25/2002,3.91105
10/28/2002,3.80665
10/29/2002,3.7294
10/30/2002,3.77055
10/31/2002,3.82
11/5/2002,3.56145
11/6/2002,3.58215
11/7/2002,3.57085
11/8/2002,3.6437
11/11/2002,3.5526
11/12/2002,3.5112
11/13/2002,3.5421
11/14/2002,3.63345
11/15/2002,3.64445
11/18/2002,3.68445
11/19/2002,3.68605
11/20/2002,3.57415
11/21/2002,3.48525
11/22/2002,3.50075
11/25/2002,3.5453
11/26/2002,3.57375
11/27/2002,3.57675
11/28/2002,3.5886
11/29/2002,3.62585
12/2/2002,3.6161
12/3/2002,3.6176
12/4/2002,3.6469
12/5/2002,3.70745
12/6/2002,3.72755
12/11/2002,3.7814
12/12/2002,3.8116
12/13/2002,3.71345
12/16/2002,3.75405
12/17/2002,3.70205
12/18/2002,3.57765
12/20/2002,3.5322
12/27/2002,3.4567
12/30/2002,3.5521
12/31/2002,3.51375
1/3/2003,3.5202
1/6/2003,3.4917
1/7/2003,3.4198
1/8/2003,3.34005
1/9/2003,3.28105
1/10/2003,3.3484
1/13/2003,3.2946
1/14/2003,3.2801
1/15/2003,3.30155
1/16/2003,3.27135
1/17/2003,3.29015
1/21/2003,3.4106
1/22/2003,3.3842
1/23/2003,3.52455
1/28/2003,3.676
1/29/2003,3.6314
1/30/2003,3.6642
1/31/2003,3.58165
2/3/2003,3.52155
2/4/2003,3.45915
2/5/2003,3.54715
2/6/2003,3.58845
2/7/2003,3.59155
2/10/2003,3.59465
2/11/2003,3.5848
2/12/2003,3.5618
2/13/2003,3.60155
2/14/2003,3.61745
2/17/2003,3.6418
2/18/2003,3.6469
2/19/2003,3.6209
2/20/2003,3.59165
2/21/2003,3.61185
2/24/2003,3.61385
2/25/2003,3.6239
2/26/2003,3.5828
2/27/2003,3.58035
3/3/2003,3.5597
3/4/2003,3.567
3/5/2003,3.56615
3/6/2003,3.57065
3/10/2003,3.49735
3/11/2003,3.49485
3/12/2003,3.52375
3/14/2003,3.46735
3/19/2003,3.4349
3/20/2003,3.4494
3/21/2003,3.46975
3/25/2003,3.4733
3/28/2003,3.38445
3/31/2003,3.38595
4/1/2003,3.35645
4/2/2003,3.3529
4/3/2003,3.3124
4/4/2003,3.25965
4/8/2003,3.2189
4/10/2003,3.1818
4/11/2003,3.1906
4/14/2003,3.20095
4/15/2003,3.20295
4/16/2003,3.1594
4/22/2003,3.0924
4/23/2003,3.0357
4/28/2003,3.01265
4/30/2003,2.96105
5/1/2003,2.91715
5/6/2003,2.96845
5/7/2003,3.0343
5/8/2003,3.01055
5/9/2003,2.94665
5/12/2003,2.9017
5/13/2003,2.8723
5/14/2003,2.86285
5/15/2003,2.89465
5/16/2003,2.9166
5/19/2003,2.96845
5/20/2003,2.94495
5/21/2003,2.99345
5/22/2003,3.02025
5/23/2003,3.0065
5/24/2003,2.97445
5/26/2003,2.97445
5/27/2003,2.9142
5/29/2003,3.0295
5/30/2003,3.0295
6/1/2003,2.9429
6/2/2003,2.9429
6/3/2003,2.9691
6/4/2003,2.96825
6/5/2003,2.94595
6/6/2003,2.91415
6/10/2003,2.8446
6/11/2003,2.86335
6/12/2003,2.8635
6/13/2003,2.843
6/16/2003,2.8654
6/17/2003,2.8395
6/18/2003,2.8715
6/19/2003,2.8697
6/20/2003,2.88595
6/23/2003,2.89495
6/24/2003,2.8941
6/26/2003,2.86095
6/27/2003,2.8749
6/30/2003,2.8984
7/1/2003,2.8774
7/2/2003,2.8351
7/3/2003,2.84225
7/4/2003,2.81515
7/7/2003,2.81465
7/9/2003,2.88415
7/10/2003,2.86625
7/15/2003,2.8907
7/16/2003,2.86675
7/17/2003,2.8646
7/18/2003,2.8438
7/21/2003,2.86885
7/22/2003,2.88465
7/23/2003,2.88205
7/24/2003,2.882
7/25/2003,2.89425
7/28/2003,2.8884
7/29/2003,2.8904
7/30/2003,2.8967
7/31/2003,2.94115
8/1/2003,2.96865
8/4/2003,2.9669
8/5/2003,3.02735
8/6/2003,3.0659
8/7/2003,3.0195
8/8/2003,3.05165
8/11/2003,2.98385
8/13/2003,3.00965
8/14/2003,3.03085
8/15/2003,3.00645
8/18/2003,3.00755
8/19/2003,2.98995
8/20/2003,3.0023
8/21/2003,2.9862
8/22/2003,2.9915
8/25/2003,3.003
8/28/2003,2.97285
8/29/2003,2.9559
8/31/2003,2.95595
9/1/2003,2.95595
9/2/2003,2.97885
9/3/2003,2.988
9/4/2003,2.9528
9/8/2003,2.906
9/9/2003,2.946
9/11/2003,2.889
9/16/2003,2.881
9/18/2003,2.91
9/22/2003,2.903
9/23/2003,2.901
9/29/2003,2.934
9/30/2003,2.929
10/1/2003,2.9275
10/3/2003,2.8915
10/8/2003,2.861
10/10/2003,2.8495
10/13/2003,2.8315
10/14/2003,2.8305
10/15/2003,2.8265
10/16/2003,2.8265
10/17/2003,2.8365
10/20/2003,2.868
10/21/2003,2.88
10/22/2003,2.856
10/24/2003,2.864
10/27/2003,2.871
10/28/2003,2.87
10/29/2003,2.87
10/30/2003,2.845
10/31/2003,2.8535
11/3/2003,2.866
11/4/2003,2.8505
11/5/2003,2.861
11/6/2003,2.8565
11/7/2003,2.877
11/10/2003,2.866
11/11/2003,2.884
11/12/2003,2.8945
11/13/2003,2.9015
11/14/2003,2.939
11/17/2003,2.949
11/18/2003,2.949
11/19/2003,2.9365
11/20/2003,2.9395
11/21/2003,2.941
11/24/2003,2.922
11/25/2003,2.9195
11/26/2003,2.919
11/27/2003,2.946
12/1/2003,2.947
12/2/2003,2.924
12/3/2003,2.932
12/5/2003,2.944
12/8/2003,2.935
12/9/2003,2.941
12/10/2003,2.9335
12/11/2003,2.943
12/12/2003,2.944
12/15/2003,2.936
12/16/2003,2.93
12/17/2003,2.938
12/18/2003,2.937
12/19/2003,2.933
12/22/2003,2.9235
12/23/2003,2.92
12/24/2003,2.908
12/30/2003,2.861
1/2/2004,2.902
1/5/2004,2.877
1/6/2004,2.854
1/7/2004,2.867
1/8/2004,2.859
1/12/2004,2.831
1/13/2004,2.792
1/14/2004,2.806
1/15/2004,2.819
1/16/2004,2.814
1/19/2004,2.828
1/21/2004,2.839
1/22/2004,2.846
1/23/2004,2.839
1/27/2004,2.841
1/28/2004,2.869
1/29/2004,2.895
1/30/2004,2.9315
2/3/2004,2.949
2/5/2004,2.9075
2/6/2004,2.931
2/9/2004,2.933
2/11/2004,2.919
2/12/2004,2.9095
2/13/2004,2.896
2/16/2004,2.905
2/17/2004,2.907
2/18/2004,2.917
2/19/2004,2.941
2/20/2004,2.958
2/24/2004,2.958
2/25/2004,2.958
2/26/2004,2.9405
2/27/2004,2.931
3/1/2004,2.906
3/2/2004,2.8945
3/3/2004,2.896
3/4/2004,2.888
3/5/2004,2.889
3/8/2004,2.867
3/9/2004,2.874
3/10/2004,2.88
3/12/2004,2.908
3/15/2004,2.9
3/16/2004,2.904
3/17/2004,2.898
3/18/2004,2.911
3/19/2004,2.907
3/22/2004,2.901
3/23/2004,2.912
3/25/2004,2.929
3/26/2004,2.936
3/30/2004,2.939
3/31/2004,2.908
4/1/2004,2.908
4/2/2004,2.89
4/5/2004,2.894
4/6/2004,2.876
4/7/2004,2.875
4/13/2004,2.882
4/14/2004,2.892
4/15/2004,2.887
4/16/2004,2.918
4/19/2004,2.909
4/20/2004,2.907
4/21/2004,2.929
4/22/2004,2.929
4/23/2004,2.927
4/28/2004,2.917
5/3/2004,2.931
5/4/2004,2.98
5/5/2004,2.967
5/6/2004,2.954
5/7/2004,2.998
5/10/2004,2.998
5/11/2004,3.142
5/12/2004,3.075
5/13/2004,3.141
5/14/2004,3.133
5/17/2004,3.089
5/18/2004,3.122
5/19/2004,3.13
5/20/2004,3.134
5/24/2004,3.194
5/25/2004,3.178
5/26/2004,3.1385
5/27/2004,3.16
5/31/2004,3.089
6/1/2004,3.188
6/2/2004,3.147
6/4/2004,3.155
6/7/2004,3.128
6/8/2004,3.111
6/9/2004,3.109
6/10/2004,3.125
6/11/2004,3.125
6/15/2004,3.168
6/16/2004,3.124
6/17/2004,3.146
6/18/2004,3.128
6/21/2004,3.1405
6/22/2004,3.133
6/23/2004,3.133
6/24/2004,3.12
6/25/2004,3.093
6/28/2004,3.11
6/29/2004,3.128
6/30/2004,3.108
7/1/2004,3.086
7/2/2004,3.074
7/5/2004,3.04
7/6/2004,3.025
7/7/2004,3.046
7/8/2004,3.033
7/9/2004,3.057
7/12/2004,3.042
7/13/2004,3.034
7/14/2004,3.034
7/15/2004,3.024
7/16/2004,3.016
7/19/2004,3.002
7/20/2004,2.9935
7/21/2004,3.0035
7/22/2004,3.029
7/23/2004,3.041
7/26/2004,3.0545
7/27/2004,3.076
7/28/2004,3.0545
7/29/2004,3.0545
7/30/2004,3.035
8/1/2004,3.037
8/2/2004,3.047
8/3/2004,3.047
8/4/2004,3.052
8/5/2004,3.054
8/6/2004,3.0685
8/9/2004,3.032
8/10/2004,3.04
8/11/2004,3.028
8/12/2004,3.036
8/13/2004,3.035
8/16/2004,3.02
8/17/2004,3.007
8/18/2004,2.995
8/19/2004,2.983
8/20/2004,2.987
8/23/2004,2.965
8/24/2004,2.963
8/25/2004,2.956
8/26/2004,2.951
8/27/2004,2.957
8/30/2004,2.944
8/31/2004,2.944
9/1/2004,2.927
9/2/2004,2.932
9/3/2004,2.939
9/6/2004,2.928
9/7/2004,2.909
9/8/2004,2.909
9/9/2004,2.909
9/10/2004,2.899
9/13/2004,2.902
9/14/2004,2.909
9/15/2004,2.9135
9/16/2004,2.902
9/17/2004,2.884
9/20/2004,2.867
9/21/2004,2.59554
9/22/2004,2.868
9/23/2004,2.867
9/24/2004,2.88
9/27/2004,2.87
9/28/2004,2.872
9/29/2004,2.866
9/30/2004,2.854
10/1/2004,2.866
10/4/2004,3.155097
10/5/2004,2.825
10/6/2004,2.828
10/7/2004,2.828
10/8/2004,2.85
10/11/2004,2.819
10/12/2004,2.819
10/13/2004,2.819
10/14/2004,2.839
10/15/2004,2.872
10/18/2004,2.855
10/19/2004,2.858
10/20/2004,2.878
10/21/2004,2.871
10/22/2004,2.857
10/25/2004,2.87
10/26/2004,2.883
10/27/2004,2.864
10/28/2004,2.861
10/29/2004,2.866
10/30/2004,2.858
11/1/2004,2.858
11/2/2004,2.8675
11/3/2004,2.853
11/4/2004,2.828
11/5/2004,2.818
11/8/2004,2.819
11/9/2004,2.836
11/10/2004,2.826
11/11/2004,2.826
11/12/2004,2.818
11/15/2004,2.79
11/16/2004,2.79
11/17/2004,2.785
11/18/2004,2.761
11/19/2004,2.777
11/22/2004,2.785
11/23/2004,2.753
11/24/2004,2.743
11/25/2004,2.743
11/26/2004,2.744
11/29/2004,2.737
11/30/2004,2.748
12/1/2004,2.719
12/2/2004,2.711
12/3/2004,2.733
12/6/2004,2.709
12/7/2004,2.719
12/8/2004,2.739
12/9/2004,2.757
12/10/2004,2.78
12/13/2004,2.775
12/14/2004,2.765
12/15/2004,2.7655
12/16/2004,2.7575
12/17/2004,2.741
12/20/2004,2.712
12/21/2004,2.712
12/22/2004,2.697
12/23/2004,2.7055
12/24/2004,2.697
12/29/2004,2.695
12/30/2004,2.669
12/31/2004,2.4021
1/4/2005,2.6735
1/5/2005,2.719
1/6/2005,2.714
1/7/2005,2.714
1/8/2005,2.727
1/9/2005,2.712
1/10/2005,2.712
1/11/2005,2.712
1/12/2005,2.7175
1/13/2005,2.7215
1/14/2005,2.7065
1/15/2005,2.6985
1/16/2005,2.7015
1/17/2005,2.7015
1/18/2005,2.7015
1/19/2005,2.699
1/20/2005,2.718
1/21/2005,2.719
1/23/2005,2.687
1/24/2005,2.687
1/25/2005,2.687
1/26/2005,2.6805
1/27/2005,2.681
1/28/2005,2.6645
1/30/2005,2.647
1/31/2005,2.647
2/1/2005,2.611
2/2/2005,2.611
2/3/2005,2.608
2/4/2005,2.6065
2/5/2005,2.613
2/6/2005,2.613
2/7/2005,2.613
2/8/2005,2.613
2/9/2005,2.6125
2/10/2005,2.6325
2/11/2005,2.618
2/12/2005,2.6185
2/13/2005,2.603
2/14/2005,2.603
2/17/2005,2.598
2/18/2005,2.586
2/21/2005,2.5765
2/22/2005,2.5765
2/23/2005,2.6005
2/24/2005,2.599
2/25/2005,2.593
2/26/2005,2.637
2/27/2005,2.637
2/28/2005,2.637
3/1/2005,2.637
3/2/2005,2.6275
3/3/2005,2.6275
3/4/2005,2.639
3/5/2005,2.679
3/6/2005,2.6525
3/7/2005,2.6525
3/8/2005,2.6525
3/9/2005,2.6525
3/10/2005,2.6525
3/11/2005,2.6525
3/12/2005,2.6525
3/13/2005,2.6525
3/14/2005,2.6525
3/15/2005,2.6525
3/16/2005,2.6525
3/17/2005,2.6525
3/18/2005,2.6525
3/19/2005,2.718
3/20/2005,2.716
3/21/2005,2.716
3/22/2005,2.7375
3/23/2005,2.7265
3/24/2005,2.7325
3/25/2005,2.72745
3/26/2005,2.7385
3/27/2005,2.7385
3/28/2005,2.7385
3/29/2005,2.747
3/30/2005,2.702
3/31/2005,2.683
4/1/2005,2.6595
4/2/2005,2.6535
4/3/2005,2.6588
4/4/2005,2.6588
4/5/2005,2.668
4/6/2005,2.622
4/7/2005,2.6055
4/8/2005,2.6005
4/9/2005,2.602
4/10/2005,2.585
4/11/2005,2.585
4/12/2005,2.5773
4/13/2005,2.5935
4/14/2005,2.5585
4/15/2005,2.5708
4/16/2005,2.5985
4/17/2005,2.6148
4/18/2005,2.6148
4/19/2005,2.6147
4/20/2005,2.5825
4/21/2005,2.5636
4/22/2005,2.5495
4/23/2005,2.5384
4/24/2005,2.5375
4/25/2005,2.5375
4/26/2005,2.5382
4/27/2005,2.5335
4/28/2005,2.52125
4/29/2005,2.5145
4/30/2005,2.5405
5/1/2005,2.5282
5/2/2005,2.5282
5/3/2005,2.5282
5/4/2005,2.4795
5/5/2005,2.4745
5/6/2005,2.4625
5/7/2005,2.4594
5/8/2005,2.4695
5/9/2005,2.4695
5/10/2005,2.4578
5/11/2005,2.4603
5/12/2005,2.4735
5/13/2005,2.4725
5/14/2005,2.474
5/15/2005,2.4695
5/16/2005,2.4695
5/17/2005,2.4793
5/18/2005,2.476
5/19/2005,2.466
5/20/2005,2.4469
5/21/2005,2.4545
5/22/2005,2.4695
5/23/2005,2.4695
5/24/2005,2.4305
5/25/2005,2.4344
5/26/2005,2.4135
5/27/2005,2.41
5/28/2005,2.3955
5/29/2005,2.4695
5/30/2005,2.4695
5/31/2005,2.385
6/1/2005,2.39275
6/2/2005,2.42725
6/3/2005,2.417
6/4/2005,2.3955
6/5/2005,2.425
6/6/2005,2.425
6/7/2005,2.4655
6/8/2005,2.4612
6/9/2005,2.442
6/10/2005,2.4937
6/11/2005,2.477
6/12/2005,2.4695
6/14/2005,2.4599
6/15/2005,2.4356
6/16/2005,2.448
6/17/2005,2.4195
6/18/2005,2.388
6/19/2005,2.4695
6/20/2005,2.4695
6/21/2005,2.3814
6/22/2005,2.374
6/23/2005,2.3735
6/24/2005,2.394
6/25/2005,2.3865
6/27/2005,2.374
6/28/2005,2.3724
6/29/2005,2.368
6/30/2005,2.35175
7/1/2005,2.3364
7/2/2005,2.34225
7/3/2005,2.3565
7/4/2005,2.3565
7/5/2005,2.3728
7/6/2005,2.3588
7/7/2005,2.39
7/9/2005,2.357
7/10/2005,2.365
7/11/2005,2.365
7/13/2005,2.3331
7/14/2005,2.3398
7/15/2005,2.3465
7/16/2005,2.3385
7/18/2005,2.338
7/19/2005,2.3355
7/20/2005,2.34
7/21/2005,2.356
7/22/2005,2.341
7/23/2005,2.367
7/24/2005,2.3995
7/25/2005,2.3995
7/26/2005,2.4255
7/27/2005,2.4703
7/28/2005,2.4505
7/29/2005,2.4275
7/30/2005,2.39
8/1/2005,2.38
8/2/2005,2.3804
8/3/2005,2.35975
8/4/2005,2.319
8/5/2005,2.3095
8/8/2005,2.3134
8/9/2005,2.2995
8/10/2005,2.3187
8/11/2005,2.27
8/12/2005,2.2925
8/13/2005,2.379
8/14/2005,2.378
8/15/2005,2.378
8/16/2005,2.3335
8/17/2005,2.343
8/18/2005,2.3505
8/19/2005,2.362
8/22/2005,2.373
8/23/2005,2.3995
8/24/2005,2.407
8/25/2005,2.4525
8/26/2005,2.427
8/27/2005,2.4172
8/28/2005,2.4025
8/29/2005,2.4025
8/30/2005,2.4065
8/31/2005,2.3845
9/1/2005,2.3755
9/2/2005,2.3565
9/5/2005,2.3305
9/6/2005,2.329
9/7/2005,2.329
9/8/2005,2.33
9/9/2005,2.3185
9/10/2005,2.325
9/11/2005,2.31
9/12/2005,2.31
9/13/2005,2.318
9/14/2005,2.3263
9/15/2005,2.32885
9/16/2005,2.3055
9/17/2005,2.292
9/18/2005,2.2988
9/19/2005,2.2988
9/20/2005,2.2873
9/21/2005,2.3
9/22/2005,2.2855
9/23/2005,2.2748
9/24/2005,2.272
9/26/2005,2.2645
9/27/2005,2.25
9/28/2005,2.2606
9/29/2005,2.2505
9/30/2005,2.2365
10/2/2005,2.2275
10/3/2005,2.2275
10/4/2005,2.2458
10/5/2005,2.2458
10/6/2005,2.2625
10/7/2005,2.283
10/8/2005,2.2653
10/9/2005,2.2499
10/10/2005,2.2499
10/11/2005,2.2385
10/12/2005,2.2335
10/13/2005,2.233
10/14/2005,2.2565
10/15/2005,2.252
10/16/2005,2.245
10/17/2005,2.245
10/18/2005,2.2303
10/19/2005,2.2479
10/20/2005,2.2475
10/21/2005,2.2345
10/22/2005,2.2555
10/23/2005,2.263
10/24/2005,2.263
10/25/2005,2.262
10/26/2005,2.2595
10/27/2005,2.267
10/28/2005,2.2895
10/29/2005,2.2735
10/30/2005,2.265
10/31/2005,2.265
11/1/2005,2.2575
11/2/2005,2.2585
11/3/2005,2.2405
11/4/2005,2.225
11/5/2005,2.218
11/6/2005,2.212
11/7/2005,2.212
11/8/2005,2.202
11/9/2005,2.209
11/10/2005,2.175
11/11/2005,2.1635
11/12/2005,2.1615
11/13/2005,2.1615
11/14/2005,2.1615
11/15/2005,2.209
11/16/2005,2.205
11/17/2005,2.2015
11/18/2005,2.1945
11/19/2005,2.226
11/21/2005,2.226
11/22/2005,2.22
11/23/2005,2.248
11/24/2005,2.2471
11/25/2005,2.2405
11/26/2005,2.234
11/27/2005,2.234
11/28/2005,2.234
11/29/2005,2.198
11/30/2005,2.1926
12/1/2005,2.2035
12/2/2005,2.2248
12/3/2005,2.2088
12/4/2005,2.2088
12/5/2005,2.2088
12/6/2005,2.1952
12/7/2005,2.1755
12/8/2005,2.1945
12/9/2005,2.2223
12/10/2005,2.2525
12/11/2005,2.2525
12/12/2005,2.2525
12/13/2005,2.2609
12/14/2005,2.2615
12/15/2005,2.2695
12/16/2005,2.298
12/17/2005,2.3245
12/18/2005,2.3245
12/19/2005,2.3245
12/20/2005,2.38
12/21/2005,2.3475
12/22/2005,2.331636
12/23/2005,2.341
12/26/2005,2.315
12/28/2005,2.337
12/29/2005,2.341
12/30/2005,2.3258
1/1/2006,2.3383
1/2/2006,2.3383
1/3/2006,2.3383
1/4/2006,2.3315
1/5/2006,2.286
1/6/2006,2.2897
1/9/2006,2.283
1/10/2006,2.2535
1/11/2006,2.2618
1/12/2006,2.2798
1/13/2006,2.2756
1/14/2006,2.2725
1/15/2006,2.2725
1/16/2006,2.2755
1/17/2006,2.2715
1/18/2006,2.3035
1/19/2006,2.3185
1/20/2006,2.2975
1/21/2006,2.2775
1/22/2006,2.2775
1/23/2006,2.2775
1/24/2006,2.257
1/25/2006,2.241
1/26/2006,2.24275
1/27/2006,2.229
1/30/2006,2.21
1/31/2006,2.2125
2/1/2006,2.212
2/2/2006,2.225
2/3/2006,2.2265
2/4/2006,2.21
2/5/2006,2.21
2/6/2006,2.21
2/7/2006,2.1755
2/8/2006,2.176588
2/9/2006,2.18625
2/10/2006,2.184064
2/11/2006,2.1642
2/12/2006,2.1642
2/13/2006,2.1642
2/14/2006,2.1545
2/15/2006,2.138
2/16/2006,2.136
2/17/2006,2.116
2/18/2006,2.1175
2/19/2006,2.1175
2/20/2006,2.1175
2/21/2006,2.1175
2/22/2006,2.166
2/23/2006,2.174664
2/24/2006,2.132
2/27/2006,2.14
2/28/2006,2.1405
3/1/2006,2.1235
3/2/2006,2.1155
3/3/2006,2.104
3/4/2006,2.1223
3/5/2006,2.1223
3/6/2006,2.11
3/7/2006,2.1385
3/8/2006,2.1636
3/9/2006,2.170091
3/10/2006,2.16141
3/11/2006,2.1607
3/12/2006,2.1607
3/13/2006,2.1373
3/14/2006,2.1325
3/15/2006,2.124
3/16/2006,2.1157
3/17/2006,2.1075
3/18/2006,2.124
3/19/2006,2.124
3/20/2006,2.124
3/21/2006,2.1492
3/22/2006,2.1575
3/23/2006,2.1544
3/24/2006,2.158
3/26/2006,2.15235
3/27/2006,2.1537
3/28/2006,2.19465
3/29/2006,2.223
3/30/2006,2.2172
3/31/2006,2.226069
4/1/2006,2.1673
4/2/2006,2.1673
4/3/2006,2.168
4/4/2006,2.1403
4/5/2006,2.1315
4/6/2006,2.12715
4/7/2006,2.13565
4/8/2006,2.14
4/9/2006,2.1409
4/10/2006,2.1403
4/11/2006,2.1508
4/12/2006,2.142197
4/13/2006,2.1396
4/18/2006,2.138
4/19/2006,2.11635
4/20/2006,2.12065
4/21/2006,2.13115
4/22/2006,2.12125
4/23/2006,2.12185
4/24/2006,2.12185
4/25/2006,2.116
4/26/2006,2.1163
4/27/2006,2.1202
4/28/2006,2.1041
4/29/2006,2.09075
4/30/2006,2.09075
5/1/2006,2.09075
5/2/2006,2.08905
5/3/2006,2.0695
5/4/2006,2.0705
5/5/2006,2.06095
5/6/2006,2.0569
5/7/2006,2.0569
5/8/2006,2.0569
5/9/2006,2.06485
5/10/2006,2.06075
5/11/2006,2.0604
5/12/2006,2.093
5/15/2006,2.1264
5/16/2006,2.173
5/17/2006,2.1397
5/18/2006,2.18565
5/19/2006,2.19635
5/22/2006,2.2005
5/23/2006,2.2983
5/24/2006,2.2631
5/25/2006,2.35985
5/26/2006,2.3485
5/27/2006,2.25865
5/28/2006,2.25865
5/29/2006,2.2615
5/30/2006,2.2405
5/31/2006,2.31385
6/1/2006,2.30285
6/2/2006,2.21
6/3/2006,2.2863
6/4/2006,2.2863
6/5/2006,2.2863
6/6/2006,2.2884
6/7/2006,2.2694
6/8/2006,2.26075
6/9/2006,2.28665
6/12/2006,2.2676
6/13/2006,2.2652
6/14/2006,2.2991
6/15/2006,2.28995
6/16/2006,2.26245
6/17/2006,2.2475
6/18/2006,2.2509
6/19/2006,2.24625
6/20/2006,2.2348
6/21/2006,2.2391
6/22/2006,2.24185
6/23/2006,2.23475
6/24/2006,2.2486
6/25/2006,2.2486
6/26/2006,2.2486
6/27/2006,2.22455
6/28/2006,2.2311
6/29/2006,2.2268
6/30/2006,2.2068
7/2/2006,2.16425
7/3/2006,2.16315
7/4/2006,2.16025
7/5/2006,2.1687
7/6/2006,2.19135
7/7/2006,2.18
7/10/2006,2.17065
7/11/2006,2.17315
7/12/2006,2.18315
7/13/2006,2.18935
7/14/2006,2.20415
7/17/2006,2.2155
7/18/2006,2.2139
7/19/2006,2.1973
7/20/2006,2.17655
7/21/2006,2.1852
7/24/2006,2.19225
7/25/2006,2.1946
7/26/2006,2.203
7/27/2006,2.19195
7/28/2006,2.19395
7/29/2006,2.17995
7/30/2006,2.17995
7/31/2006,2.1774
8/1/2006,2.17675
8/2/2006,2.1792
8/3/2006,2.1775
8/4/2006,2.1788
8/5/2006,2.1722
8/6/2006,2.1722
8/7/2006,2.173
8/8/2006,2.1796
8/9/2006,2.1949
8/10/2006,2.1699
8/11/2006,2.16285
8/12/2006,2.16765
8/13/2006,2.1609
8/14/2006,2.1666
8/15/2006,2.157
8/16/2006,2.1473
8/17/2006,2.13115
8/18/2006,2.13765
8/19/2006,2.148
8/20/2006,2.14945
8/21/2006,2.1452
8/22/2006,2.1443
8/23/2006,2.133
8/24/2006,2.13845
8/25/2006,2.144865
8/26/2006,2.1615
8/27/2006,2.16165
8/28/2006,2.15955
8/29/2006,2.1442
8/30/2006,2.13475
8/31/2006,2.1333
9/1/2006,2.138
9/2/2006,2.15
9/3/2006,2.15
9/4/2006,2.1425
9/5/2006,2.13505
9/6/2006,2.125
9/7/2006,2.1423
9/8/2006,2.1583
9/9/2006,2.1585
9/10/2006,2.15625
9/11/2006,2.15635
9/12/2006,2.1771
9/13/2006,2.17255
9/14/2006,2.1648
9/15/2006,2.156
9/16/2006,2.15575
9/17/2006,2.15575
9/18/2006,2.1558
9/19/2006,2.13625
9/20/2006,2.154
9/21/2006,2.1744
9/22/2006,2.17535
9/23/2006,2.21295
9/25/2006,2.21475
9/26/2006,2.2323
9/27/2006,2.20395
9/28/2006,2.18015
9/29/2006,2.1749
9/30/2006,2.17135
10/1/2006,2.16665
10/2/2006,2.1669
10/3/2006,2.1569
10/4/2006,2.1569
10/5/2006,2.16295
10/6/2006,2.16485
10/7/2006,2.16705
10/8/2006,2.16705
10/9/2006,2.16875
10/10/2006,2.1583
10/11/2006,2.1466
10/12/2006,2.1555
10/13/2006,2.15105
10/16/2006,2.1407
10/17/2006,2.1282
10/18/2006,2.14035
10/19/2006,2.12375
10/20/2006,2.12455
10/21/2006,2.13875
10/22/2006,2.13875
10/23/2006,2.13755
10/24/2006,2.13885
10/25/2006,2.14535
10/26/2006,2.1444
10/27/2006,2.13065
10/28/2006,2.1308
10/29/2006,2.13455
10/30/2006,2.13455
10/31/2006,2.1424
11/1/2006,2.1392
11/2/2006,2.1412
11/3/2006,2.14385
11/4/2006,2.14595
11/5/2006,2.14595
11/6/2006,2.14595
11/7/2006,2.1331
11/8/2006,2.124568
11/9/2006,2.1441
11/10/2006,2.14155
11/11/2006,2.1508
11/12/2006,2.1508
11/13/2006,2.1508
11/14/2006,2.16525
11/15/2006,2.15595
11/16/2006,2.1472
11/17/2006,2.153
11/18/2006,2.16045
11/19/2006,2.1643
11/20/2006,2.1643
11/21/2006,2.1597
11/22/2006,2.1606
11/23/2006,2.1628
11/24/2006,2.1668
11/25/2006,2.16645
11/27/2006,2.15415
11/28/2006,2.17895
11/29/2006,2.1808
11/30/2006,2.17735
12/1/2006,2.17295
12/2/2006,2.1571
12/3/2006,2.1618
12/4/2006,2.1618
12/5/2006,2.1663
12/6/2006,2.1567
12/7/2006,2.15315
12/8/2006,2.1422
12/9/2006,2.13985
12/10/2006,2.13985
12/11/2006,2.14445
12/12/2006,2.13315
12/13/2006,2.1396
12/14/2006,2.14545
12/15/2006,2.14225
12/16/2006,2.14535
12/17/2006,2.14535
12/18/2006,2.14775
12/19/2006,2.14305
12/20/2006,2.15795
12/21/2006,2.1584
12/22/2006,2.1589
12/27/2006,2.15635
12/28/2006,2.14895
12/29/2006,2.13885
12/30/2006,2.1355
12/31/2006,2.1355
1/1/2007,2.1355
1/2/2007,2.13485
1/3/2007,2.1364
1/4/2007,2.13845
1/5/2007,2.14365
1/6/2007,2.1514
1/7/2007,2.1514
1/8/2007,2.151
1/9/2007,2.14995
1/10/2007,2.1525
1/11/2007,2.1541
1/12/2007,2.1459
1/13/2007,2.1414
1/14/2007,2.1414
1/15/2007,2.1414
1/16/2007,2.1404
1/17/2007,2.1442
1/18/2007,2.13375
1/19/2007,2.12845
1/20/2007,2.12895
1/21/2007,2.12895
1/22/2007,2.1301
1/23/2007,2.1352
1/24/2007,2.1352
1/25/2007,2.12975
1/26/2007,2.13955
1/27/2007,2.1328
1/28/2007,2.1364
1/29/2007,2.1345
1/30/2007,2.1379
1/31/2007,2.1302
2/1/2007,2.11915
2/2/2007,2.10705
2/3/2007,2.0966
2/4/2007,2.0966
2/5/2007,2.0966
2/6/2007,2.0945
2/7/2007,2.0835
2/8/2007,2.08615
2/9/2007,2.09795
2/12/2007,2.10145
2/13/2007,2.1168
2/14/2007,2.111085
2/15/2007,2.0991
2/16/2007,2.08855
2/19/2007,2.09185
2/20/2007,2.09195
2/21/2007,2.09235
2/22/2007,2.0821
2/23/2007,2.0725
2/26/2007,2.08825
2/27/2007,2.0833
2/28/2007,2.10195
3/1/2007,2.1167
3/2/2007,2.1225
3/5/2007,2.12075
3/6/2007,2.138
3/7/2007,2.127
3/8/2007,2.1122
3/9/2007,2.1045
3/12/2007,2.09595
3/13/2007,2.094
3/14/2007,2.0905
3/15/2007,2.106
3/16/2007,2.0915
3/19/2007,2.092
3/20/2007,2.0795
3/21/2007,2.0758
3/22/2007,2.072
3/23/2007,2.0579
3/26/2007,2.0658
3/27/2007,2.062
3/29/2007,2.0715
3/30/2007,2.055
4/2/2007,2.06005
4/3/2007,2.0475
4/4/2007,2.038
4/5/2007,2.0327
4/10/2007,2.0388
4/11/2007,2.03135
4/12/2007,2.0315
4/13/2007,2.0385
4/16/2007,2.02005
4/17/2007,2.032
4/20/2007,2.0321
4/24/2007,2.0235
4/25/2007,2.0369
4/26/2007,2.023
4/27/2007,2.0221
4/30/2007,2.0315
5/1/2007,2.0335
5/2/2007,2.03305
5/3/2007,2.0252
5/4/2007,2.045452
5/7/2007,2.02725
5/8/2007,2.0241
5/9/2007,2.0256
5/10/2007,2.0227
5/11/2007,2.0183
5/14/2007,2.01625
5/16/2007,1.99
5/17/2007,1.9646
5/18/2007,1.9585
5/22/2007,1.944
5/23/2007,1.9391
5/24/2007,1.9423
5/25/2007,1.9659
5/28/2007,1.94615
5/29/2007,1.94615
5/30/2007,1.9434
5/31/2007,1.9489
6/4/2007,1.9289
6/5/2007,1.9189
6/6/2007,1.94135
6/8/2007,1.9677
6/12/2007,1.9435
6/13/2007,1.9402
6/14/2007,1.9488
6/15/2007,1.9316
6/19/2007,1.9035
6/20/2007,1.9022
6/21/2007,1.918
6/22/2007,1.921
6/25/2007,1.9241
6/27/2007,1.9445
7/3/2007,1.9165
7/4/2007,1.9141
7/5/2007,1.9082
7/6/2007,1.9143
7/9/2007,1.90155
7/10/2007,1.899
7/11/2007,1.8919
7/12/2007,1.89
7/13/2007,1.876
7/16/2007,1.8718
7/17/2007,1.8699
7/18/2007,1.8649
7/19/2007,1.8582
7/20/2007,1.8545
7/23/2007,1.8624
7/24/2007,1.8425
7/25/2007,1.8499
7/26/2007,1.8698
7/27/2007,1.8968
7/30/2007,1.9174
7/31/2007,1.8876
8/1/2007,1.8695
8/2/2007,1.8819
8/6/2007,1.8791
8/8/2007,1.9073
8/9/2007,1.8863
8/10/2007,1.9154
8/14/2007,1.9387
8/15/2007,1.9764
8/16/2007,1.9969
8/17/2007,2.1065
8/20/2007,2.02365
8/21/2007,2.045
8/22/2007,2.026
8/23/2007,2.0145
8/24/2007,1.9888
8/27/2007,1.9716
8/28/2007,1.956
8/29/2007,1.9874
8/30/2007,1.9757
8/31/2007,1.973
9/3/2007,1.96715
9/4/2007,1.9551
9/5/2007,1.9475
9/6/2007,1.967
9/7/2007,1.9508
9/10/2007,1.93985
9/11/2007,1.961
9/12/2007,1.92795
9/13/2007,1.9089
9/14/2007,1.8992
9/17/2007,1.89595
9/18/2007,1.914
9/19/2007,1.90135
9/20/2007,1.87055
9/21/2007,1.85645
9/24/2007,1.86165
9/25/2007,1.87095
9/26/2007,1.8657
9/27/2007,1.84875
9/28/2007,1.83935
10/1/2007,1.8379
10/2/2007,1.81965
10/3/2007,1.8227
10/4/2007,1.8236
10/5/2007,1.82995
10/8/2007,1.80685
10/9/2007,1.81765
10/10/2007,1.80265
10/11/2007,1.80225
10/12/2007,1.7895
10/15/2007,1.8004
10/16/2007,1.80745
10/17/2007,1.82385
10/18/2007,1.8069
10/19/2007,1.8058
10/22/2007,1.7972
10/23/2007,1.81985
10/24/2007,1.8
10/25/2007,1.8035
10/26/2007,1.794
10/29/2007,1.77755
10/30/2007,1.7589
10/31/2007,1.75105
11/1/2007,1.7408
11/2/2007,1.751
11/5/2007,1.7522
11/6/2007,1.75465
11/7/2007,1.73115
11/8/2007,1.734
11/9/2007,1.7346
11/12/2007,1.75215
11/13/2007,1.77965
11/14/2007,1.7698
11/15/2007,1.7351
11/16/2007,1.74635
11/19/2007,1.743
11/20/2007,1.7535
11/21/2007,1.7583
11/22/2007,1.7859
11/23/2007,1.7725
11/26/2007,1.805
11/27/2007,1.8284
11/28/2007,1.85165
11/29/2007,1.7965
11/30/2007,1.7898
12/3/2007,1.78805
12/4/2007,1.78895
12/5/2007,1.8128
12/6/2007,1.7966
12/7/2007,1.788
12/10/2007,1.76335
12/11/2007,1.7602
12/12/2007,1.76285
12/13/2007,1.7599
12/14/2007,1.77495
12/17/2007,1.79675
12/18/2007,1.817
12/19/2007,1.8057
12/20/2007,1.7978
12/21/2007,1.79995
12/25/2007,1.7918
12/26/2007,1.7874
12/27/2007,1.78665
12/28/2007,1.7687
12/31/2007,1.7714
1/1/2008,1.78105
1/2/2008,1.78555
1/3/2008,1.7685
1/4/2008,1.758
1/7/2008,1.7654
1/8/2008,1.77365
1/9/2008,1.74965
1/10/2008,1.76885
1/11/2008,1.7637
1/14/2008,1.7511
1/15/2008,1.7317
1/16/2008,1.7487
1/17/2008,1.7706
1/18/2008,1.7725
1/21/2008,1.79765
1/22/2008,1.82975
1/23/2008,1.7996
1/24/2008,1.80925
1/25/2008,1.7904
1/28/2008,1.7872
1/29/2008,1.782
1/30/2008,1.7773
1/31/2008,1.7788
2/1/2008,1.7642
2/4/2008,1.7444
2/5/2008,1.7459
2/6/2008,1.75545
2/7/2008,1.7516
2/8/2008,1.76055
2/11/2008,1.76615
2/12/2008,1.76265
2/13/2008,1.74165
2/14/2008,1.7435
2/15/2008,1.74365
2/18/2008,1.752
2/19/2008,1.73785
2/20/2008,1.7333
2/21/2008,1.73475
2/22/2008,1.7112
2/25/2008,1.7097
2/26/2008,1.7041
2/27/2008,1.6885
2/28/2008,1.67095
2/29/2008,1.67495
3/3/2008,1.6825
3/4/2008,1.6827
3/5/2008,1.67265
3/6/2008,1.6666
3/7/2008,1.6629
3/10/2008,1.6895
3/11/2008,1.7085
3/12/2008,1.7026
3/13/2008,1.6822
3/14/2008,1.69995
3/17/2008,1.71415
3/18/2008,1.7233
3/19/2008,1.70595
3/20/2008,1.70095
3/21/2008,1.7409
3/24/2008,1.7419
3/25/2008,1.725
3/26/2008,1.7414
3/27/2008,1.73635
3/28/2008,1.73115
3/31/2008,1.73115
4/1/2008,1.74605
4/2/2008,1.74245
4/3/2008,1.72545
4/4/2008,1.72305
4/7/2008,1.71015
4/8/2008,1.69885
4/9/2008,1.69935
4/10/2008,1.6907
4/11/2008,1.67735
4/14/2008,1.68565
4/15/2008,1.688
4/16/2008,1.68675
4/17/2008,1.67175
4/18/2008,1.66055
4/21/2008,1.653908
4/22/2008,1.667
4/23/2008,1.6557
4/24/2008,1.6573
4/25/2008,1.67105
4/28/2008,1.66595
4/29/2008,1.67845
4/30/2008,1.70675
5/1/2008,1.6958
5/2/2008,1.66145
5/5/2008,1.6465
5/6/2008,1.6589
5/7/2008,1.661
5/8/2008,1.6744
5/9/2008,1.6905
5/12/2008,1.6883
5/13/2008,1.6779
5/14/2008,1.6606
5/15/2008,1.6623
5/16/2008,1.65215
5/19/2008,1.64825
5/20/2008,1.6415
5/21/2008,1.65495
5/22/2008,1.65015
5/23/2008,1.65775
5/26/2008,1.65565
5/27/2008,1.662
5/28/2008,1.671
5/29/2008,1.66935
5/30/2008,1.64885
5/31/2008,1.62635
6/2/2008,1.6265
6/3/2008,1.6304
6/4/2008,1.6232
6/5/2008,1.6299
6/6/2008,1.63425
6/10/2008,1.62385
6/11/2008,1.6417
6/12/2008,1.64115
6/13/2008,1.6388
6/16/2008,1.633527
6/17/2008,1.62535
6/18/2008,1.6125
6/19/2008,1.6095
6/20/2008,1.604
6/23/2008,1.60265
6/24/2008,1.6145
6/25/2008,1.60325
6/26/2008,1.6003
6/27/2008,1.5975
6/30/2008,1.59521
7/1/2008,1.59515
7/2/2008,1.61035
7/3/2008,1.601
7/4/2008,1.6085
7/7/2008,1.60885
7/8/2008,1.610215
7/9/2008,1.61165
7/10/2008,1.6095
7/11/2008,1.60885
7/14/2008,1.6042
7/15/2008,1.5927
7/16/2008,1.597
7/17/2008,1.59945
7/18/2008,1.5885
7/21/2008,1.5904
7/22/2008,1.58445
7/23/2008,1.58405
7/24/2008,1.58415
7/25/2008,1.57875
7/28/2008,1.57355
7/29/2008,1.5735
7/30/2008,1.5724
7/31/2008,1.56125
8/1/2008,1.56625
8/4/2008,1.55795
8/5/2008,1.5683
8/6/2008,1.5739
8/7/2008,1.581
8/8/2008,1.5903
8/11/2008,1.6172
8/12/2008,1.6185
8/13/2008,1.62135
8/14/2008,1.6247
8/15/2008,1.6234
8/18/2008,1.63595
8/19/2008,1.6296
8/20/2008,1.63825
8/21/2008,1.6201
8/22/2008,1.61415
8/25/2008,1.627758
8/26/2008,1.6273
8/27/2008,1.6395
8/28/2008,1.6236
8/29/2008,1.6264
9/1/2008,1.644173
9/2/2008,1.64515
9/3/2008,1.65815
9/4/2008,1.67535
9/5/2008,1.6983
9/8/2008,1.7351
9/9/2008,1.74325
9/10/2008,1.75685
9/11/2008,1.78165
9/12/2008,1.81745
9/15/2008,1.7855
9/16/2008,1.80645
9/17/2008,1.82985
9/18/2008,1.88225
9/19/2008,1.91465
9/22/2008,1.82045
9/23/2008,1.79975
9/24/2008,1.81835
9/25/2008,1.84565
9/26/2008,1.83415
9/29/2008,1.85445
9/30/2008,1.9225
10/1/2008,1.926
10/2/2008,1.93345
10/3/2008,1.994
10/6/2008,2.026
10/7/2008,2.1685
10/8/2008,2.23105
10/9/2008,2.4245
10/10/2008,2.201
10/13/2008,2.2985
10/14/2008,2.17975
10/15/2008,2.086
10/16/2008,2.16505
10/17/2008,2.18975
10/20/2008,2.1185
10/21/2008,2.1065
10/22/2008,2.21255
10/27/2008,2.2857
10/28/2008,2.24
10/29/2008,2.1762
10/30/2008,2.1345
10/31/2008,2.1215
11/3/2008,2.174565
11/4/2008,2.100402
11/5/2008,2.11685
11/6/2008,2.1193
11/7/2008,2.1625
11/10/2008,2.15255
11/11/2008,2.17095
11/12/2008,2.2235
11/13/2008,2.2844
11/14/2008,2.3317
11/17/2008,2.2765
11/18/2008,2.29665
11/19/2008,2.29185
11/20/2008,2.37855
11/21/2008,2.3972
11/24/2008,2.4415
11/25/2008,2.34705
11/26/2008,2.3204
11/27/2008,2.3327
11/28/2008,2.2558
12/1/2008,2.30835
12/2/2008,2.3671
12/3/2008,2.39495
12/4/2008,2.39635
12/5/2008,2.482
12/8/2008,2.61895
12/9/2008,2.4355
12/10/2008,2.4837
12/11/2008,2.4325
12/12/2008,2.3684
12/15/2008,2.3995
12/16/2008,2.38
12/17/2008,2.3748
12/18/2008,2.368
12/19/2008,2.3582
12/22/2008,2.37
12/23/2008,2.40755
12/24/2008,2.37495
12/25/2008,2.3761
12/26/2008,2.378
12/29/2008,2.3761
12/30/2008,2.4039
12/31/2008,2.3321
1/1/2009,2.3298
1/2/2009,2.35025
1/5/2009,2.32765
1/6/2009,2.255
1/7/2009,2.1965
1/8/2009,2.2365
1/9/2009,2.2646
1/12/2009,2.3005
1/13/2009,2.3185
1/14/2009,2.30265
1/15/2009,2.3548
1/16/2009,2.37115
1/19/2009,2.34
1/20/2009,2.33315
1/21/2009,2.36415
1/22/2009,2.3608
1/23/2009,2.3481
1/26/2009,2.312521
1/27/2009,2.31245
1/28/2009,2.31875
1/29/2009,2.2867
1/30/2009,2.2902
2/2/2009,2.31405
2/3/2009,2.34335
2/4/2009,2.308
2/5/2009,2.2912
2/6/2009,2.291
2/9/2009,2.25045
2/10/2009,2.23925
2/11/2009,2.265868
2/12/2009,2.29266
2/13/2009,2.287
2/16/2009,2.2691
2/17/2009,2.2691
2/18/2009,2.3085
2/19/2009,2.35455
2/20/2009,2.35365
2/23/2009,2.3877
2/24/2009,2.3905
2/25/2009,2.384
2/26/2009,2.38975
2/27/2009,2.3445
3/2/2009,2.3579
3/3/2009,2.4363
3/4/2009,2.44025
3/5/2009,2.3748
3/6/2009,2.379
3/9/2009,2.3725
3/10/2009,2.3684
3/11/2009,2.3465
3/12/2009,2.3368
3/13/2009,2.3218
3/16/2009,2.2945
3/17/2009,2.2652
3/18/2009,2.28005
3/19/2009,2.30275
3/20/2009,2.26275
3/23/2009,2.24865
3/24/2009,2.27345
3/25/2009,2.26655
3/26/2009,2.22985
3/27/2009,2.23755
3/30/2009,2.2788
3/31/2009,2.32585
4/1/2009,2.30215
4/2/2009,2.3085
4/3/2009,2.2402
4/6/2009,2.22135
4/7/2009,2.222
4/8/2009,2.22875
4/9/2009,2.178286
4/13/2009,2.18415
4/14/2009,2.177452
4/15/2009,2.195851
4/16/2009,2.1945
4/20/2009,2.18575
4/21/2009,2.2335
4/22/2009,2.23995
4/23/2009,2.2038
4/27/2009,2.20105
4/28/2009,2.19615
4/29/2009,2.2043
4/30/2009,2.1617
5/1/2009,2.172
5/4/2009,2.181
5/5/2009,2.13595
5/6/2009,2.1497
5/8/2009,2.1062
5/9/2009,2.09535
5/11/2009,2.09535
5/12/2009,2.05275
5/13/2009,2.0645
5/15/2009,2.1
5/18/2009,2.0715
5/20/2009,2.0453
5/21/2009,2.0375
5/22/2009,2.02711
5/25/2009,2.02595
5/26/2009,2.02285
5/27/2009,2.0342
5/28/2009,2.0143
5/29/2009,2.0074
6/1/2009,1.974333
6/2/2009,1.96795
6/3/2009,1.9415
6/4/2009,1.9482
6/5/2009,1.9455
6/8/2009,1.9584
6/9/2009,1.9778
6/10/2009,1.943498
6/11/2009,1.95065
6/12/2009,1.948
6/15/2009,1.92325
6/16/2009,1.9447
6/17/2009,1.9477
6/18/2009,1.96191
6/19/2009,1.954264
6/22/2009,1.952
6/23/2009,1.95225
6/24/2009,2.00285
6/25/2009,1.96175
6/26/2009,1.96275
6/27/2009,1.94475
6/29/2009,1.94475
6/30/2009,1.9581
7/2/2009,1.933114
7/3/2009,1.9525
7/6/2009,1.9533
7/8/2009,1.990727
7/9/2009,2.00055
7/10/2009,1.9925
7/13/2009,2.0144
7/14/2009,1.99025
7/15/2009,1.96925
7/16/2009,1.93595
7/17/2009,1.93735
7/18/2009,1.92855
7/19/2009,1.9284
7/20/2009,1.9284
7/21/2009,1.9045
7/22/2009,1.9088
7/23/2009,1.905
7/24/2009,1.8876
7/25/2009,1.8965
7/26/2009,1.8965
7/27/2009,1.8965
7/28/2009,1.8856
7/29/2009,1.89275
7/30/2009,1.89865
7/31/2009,1.87935
8/1/2009,1.8663
8/2/2009,1.8663
8/3/2009,1.8663
8/4/2009,1.83585
8/5/2009,1.8332
8/6/2009,1.83275
8/7/2009,1.83055
8/8/2009,1.82355
8/9/2009,1.8208
8/10/2009,1.8208
8/11/2009,1.8455
8/12/2009,1.85365
8/13/2009,1.8335
8/14/2009,1.8331
8/15/2009,1.8443
8/16/2009,1.84415
8/17/2009,1.84415
8/18/2009,1.86695
8/19/2009,1.852
8/20/2009,1.8326
8/21/2009,1.8427
8/22/2009,1.82785
8/23/2009,1.84415
8/24/2009,1.84415
8/25/2009,1.8323
8/26/2009,1.8401
8/27/2009,1.869
8/28/2009,1.8822
8/29/2009,1.8695
8/30/2009,1.8733
8/31/2009,1.8662
9/1/2009,1.8803
9/2/2009,1.8915
9/3/2009,1.8908
9/4/2009,1.8675
9/5/2009,1.846
9/6/2009,1.8462
9/7/2009,1.8462
9/8/2009,1.8426
9/9/2009,1.82605
9/10/2009,1.82985
9/11/2009,1.81845
9/12/2009,1.81325
9/13/2009,1.81
9/14/2009,1.81
9/15/2009,1.815
9/16/2009,1.8077
9/17/2009,1.79915
9/18/2009,1.80645
9/19/2009,1.80895
9/20/2009,1.8087
9/21/2009,1.8087
9/22/2009,1.81415
9/23/2009,1.8035
9/24/2009,1.7905
9/25/2009,1.80245
9/26/2009,1.802
9/27/2009,1.8017
9/28/2009,1.8003
9/29/2009,1.7896
9/30/2009,1.78925
10/1/2009,1.77485
10/2/2009,1.78225
10/3/2009,1.7815
10/4/2009,1.7816
10/5/2009,1.7833
10/6/2009,1.771
10/7/2009,1.7497
10/8/2009,1.76115
10/9/2009,1.7466
10/10/2009,1.74045
10/11/2009,1.7375
10/12/2009,1.7375
10/13/2009,1.74245
10/14/2009,1.73195
10/15/2009,1.7061
10/16/2009,1.7022
10/17/2009,1.7076
10/18/2009,1.70365
10/19/2009,1.7095
10/20/2009,1.70935
10/21/2009,1.7552
10/22/2009,1.7334
10/23/2009,1.7271
10/24/2009,1.71435
10/25/2009,1.7171
10/26/2009,1.7171
10/27/2009,1.7205
10/28/2009,1.7364
10/29/2009,1.7561
10/30/2009,1.7336
10/31/2009,1.75185
11/1/2009,1.73855
11/2/2009,1.73855
11/3/2009,1.7634
11/4/2009,1.75495
11/5/2009,1.724
11/6/2009,1.7232
11/7/2009,1.7162
11/8/2009,1.7179
11/9/2009,1.7179
11/10/2009,1.70005
11/11/2009,1.70725
11/12/2009,1.72075
11/13/2009,1.73295
11/14/2009,1.7288
11/15/2009,1.7261
11/16/2009,1.7261
11/17/2009,1.711
11/18/2009,1.7217
11/19/2009,1.7088
11/20/2009,1.7366
11/21/2009,1.7336
11/22/2009,1.7355
11/23/2009,1.7355
11/24/2009,1.72505
11/25/2009,1.7315
11/26/2009,1.72955
11/27/2009,1.7492
11/28/2009,1.7393
11/29/2009,1.738
11/30/2009,1.738
12/1/2009,1.751
12/2/2009,1.72575
12/3/2009,1.72075
12/4/2009,1.70585
12/5/2009,1.72695
12/6/2009,1.7237
12/7/2009,1.72375
12/8/2009,1.7275
12/9/2009,1.7507
12/10/2009,1.76305
12/11/2009,1.77125
12/12/2009,1.75965
12/13/2009,1.76185
12/14/2009,1.76185
12/15/2009,1.74695
12/16/2009,1.75405
12/17/2009,1.74705
12/18/2009,1.791
12/20/2009,1.7893
12/21/2009,1.7893
12/22/2009,1.7823
12/23/2009,1.7833
12/24/2009,1.7607
12/25/2009,1.7619
12/26/2009,1.7619
12/27/2009,1.7619
12/28/2009,1.7619
12/29/2009,1.7389
12/30/2009,1.73745
12/31/2009,1.7428
1/1/2010,1.74325
1/2/2010,1.74325
1/3/2010,1.74325
1/4/2010,1.74325
1/5/2010,1.72125
1/6/2010,1.7375
1/7/2010,1.72845
1/8/2010,1.7416
1/9/2010,1.7338
1/10/2010,1.73475
1/11/2010,1.73475
1/12/2010,1.73225
1/13/2010,1.74005
1/14/2010,1.74435
1/15/2010,1.7669
1/16/2010,1.7672
1/17/2010,1.76595
1/18/2010,1.766
1/19/2010,1.7654
1/20/2010,1.777
1/21/2010,1.7919
1/22/2010,1.8025
1/23/2010,1.8193
1/24/2010,1.8217
1/25/2010,1.8217
1/26/2010,1.8227
1/27/2010,1.838
1/28/2010,1.8525
1/29/2010,1.8693
1/30/2010,1.8704
1/31/2010,1.8755
2/1/2010,1.8755
2/2/2010,1.8653
2/3/2010,1.8337
2/4/2010,1.8516
2/5/2010,1.8862
2/6/2010,1.8835
2/7/2010,1.884
2/8/2010,1.884
2/9/2010,1.865
2/10/2010,1.8453
2/11/2010,1.8584
2/12/2010,1.8524
2/13/2010,1.8628
2/15/2010,1.8615
2/16/2010,1.8545
2/17/2010,1.84
2/18/2010,1.8352
2/19/2010,1.8244
2/20/2010,1.8116
2/21/2010,1.8164
2/22/2010,1.8164
2/23/2010,1.8089
2/24/2010,1.822
2/25/2010,1.8193
2/26/2010,1.8393
2/27/2010,1.8015
2/28/2010,1.8195
3/1/2010,1.8195
3/2/2010,1.799
3/3/2010,1.7822
3/4/2010,1.7775
3/5/2010,1.7913
3/6/2010,1.7783
3/7/2010,1.785
3/8/2010,1.7775
3/9/2010,1.789
3/10/2010,1.7924
3/11/2010,1.7679
3/12/2010,1.7719
3/13/2010,1.7628
3/14/2010,1.7639
3/15/2010,1.7637
3/16/2010,1.7648
3/17/2010,1.7685
3/18/2010,1.765
3/19/2010,1.7845
3/20/2010,1.7965
3/22/2010,1.7978
3/23/2010,1.7993
3/24/2010,1.7829
3/25/2010,1.7912
3/26/2010,1.8019
3/27/2010,1.8208
3/28/2010,1.8223
3/29/2010,1.8193
3/30/2010,1.8079
3/31/2010,1.7968
4/1/2010,1.7796
4/2/2010,1.7657
4/3/2010,1.77
4/4/2010,1.77
4/5/2010,1.77
4/6/2010,1.761
4/7/2010,1.7606
4/8/2010,1.756
4/9/2010,1.7786
4/10/2010,1.772
4/11/2010,1.772
4/12/2010,1.772
4/13/2010,1.7592
4/14/2010,1.76
4/15/2010,1.7453
4/16/2010,1.7401
4/17/2010,1.761
4/18/2010,1.759
4/19/2010,1.759
4/20/2010,1.7633
4/21/2010,1.7528
4/22/2010,1.751
4/23/2010,1.764
4/24/2010,1.7631
4/25/2010,1.7631
4/26/2010,1.7631
4/27/2010,1.745
4/28/2010,1.7664
4/29/2010,1.7594
4/30/2010,1.7304
5/1/2010,1.7273
5/2/2010,1.726
5/3/2010,1.7272
5/4/2010,1.7351
5/5/2010,1.7524
5/6/2010,1.783
5/7/2010,1.8373
5/8/2010,1.84
5/10/2010,1.8393
5/11/2010,1.7787
5/12/2010,1.7763
5/13/2010,1.772
5/14/2010,1.771
5/15/2010,1.803
5/16/2010,1.803
5/17/2010,1.8043
5/18/2010,1.8191
5/19/2010,1.812
5/20/2010,1.8496
5/21/2010,1.8881
5/22/2010,1.85
5/23/2010,1.85
5/24/2010,1.8514
5/25/2010,1.8522
5/26/2010,1.8791
5/27/2010,1.8542
5/28/2010,1.828
5/29/2010,1.8176
5/30/2010,1.8176
5/31/2010,1.8176
6/1/2010,1.818
6/2/2010,1.8249
6/3/2010,1.832
6/4/2010,1.82
6/5/2010,1.8423
6/6/2010,1.8456
6/7/2010,1.8423
6/8/2010,1.8661
6/9/2010,1.862
6/10/2010,1.8423
6/11/2010,1.8156
6/12/2010,1.8054
6/13/2010,1.8119
6/14/2010,1.8053
6/15/2010,1.802
6/16/2010,1.799
6/17/2010,1.785
6/18/2010,1.7857
6/19/2010,1.7728
6/20/2010,1.7823
6/21/2010,1.7747
6/22/2010,1.7669
6/23/2010,1.7675
6/24/2010,1.8053
6/25/2010,1.7876
6/26/2010,1.7833
6/27/2010,1.7833
6/28/2010,1.7833
6/29/2010,1.7823
6/30/2010,1.8083
7/1/2010,1.798
7/2/2010,1.8022
7/3/2010,1.7777
7/4/2010,1.7781
7/5/2010,1.7781
7/6/2010,1.7766
7/7/2010,1.768
7/8/2010,1.7728
7/9/2010,1.7686
7/10/2010,1.7596
7/11/2010,1.7596
7/12/2010,1.7592
7/13/2010,1.761
7/14/2010,1.7517
7/15/2010,1.762
7/16/2010,1.771
7/17/2010,1.7829
7/18/2010,1.7682
7/19/2010,1.7878
7/20/2010,1.7868
7/21/2010,1.78
7/22/2010,1.7745
7/23/2010,1.7633
7/24/2010,1.761
7/25/2010,1.7693
7/26/2010,1.754901
7/27/2010,1.76375
7/28/2010,1.7638
7/29/2010,1.7631
7/30/2010,1.7651
7/31/2010,1.76
8/1/2010,1.76
8/2/2010,1.7591
8/3/2010,1.746
8/4/2010,1.7568
8/5/2010,1.758
8/6/2010,1.7566
8/7/2010,1.7595
8/8/2010,1.7592
8/9/2010,1.7592
8/10/2010,1.754
8/11/2010,1.7613
8/12/2010,1.769
8/13/2010,1.7695
8/14/2010,1.772
8/15/2010,1.772
8/16/2010,1.772
8/17/2010,1.7585
8/18/2010,1.7506
8/19/2010,1.752
8/20/2010,1.7634
8/21/2010,1.7617
8/22/2010,1.7628
8/23/2010,1.758
8/24/2010,1.7645
8/25/2010,1.7641
8/26/2010,1.7681
8/27/2010,1.7594
8/28/2010,1.7495
8/29/2010,1.7492
8/30/2010,1.7492
8/31/2010,1.7582
9/1/2010,1.7535
9/2/2010,1.7408
9/3/2010,1.734
9/4/2010,1.727
9/5/2010,1.7199
9/6/2010,1.7199
9/7/2010,1.728
9/8/2010,1.731
9/9/2010,1.7224
9/10/2010,1.7264
9/11/2010,1.717
9/12/2010,1.7197
9/13/2010,1.7197
9/14/2010,1.717
9/15/2010,1.7046
9/16/2010,1.7217
9/17/2010,1.7206
9/18/2010,1.716
9/19/2010,1.7174
9/20/2010,1.7174
9/21/2010,1.7167
9/22/2010,1.7276
9/23/2010,1.72
9/24/2010,1.7198
9/25/2010,1.712
9/26/2010,1.713
9/27/2010,1.7119
9/28/2010,1.7112
9/29/2010,1.707
9/30/2010,1.7045
10/1/2010,1.699
10/2/2010,1.6828
10/3/2010,1.6807
10/4/2010,1.6835
10/5/2010,1.689
10/6/2010,1.6735
10/7/2010,1.6721
10/8/2010,1.681
10/9/2010,1.6748
10/10/2010,1.6762
10/11/2010,1.6762
10/12/2010,1.664
10/13/2010,1.67
10/14/2010,1.6579
10/15/2010,1.6635
10/16/2010,1.6583
10/17/2010,1.6603
10/18/2010,1.6564
10/19/2010,1.6629
10/20/2010,1.6919
10/21/2010,1.6733
10/22/2010,1.6945
10/23/2010,1.6949
10/24/2010,1.707
10/25/2010,1.6949
10/26/2010,1.7074
10/27/2010,1.7055
10/28/2010,1.7163
10/29/2010,1.713
10/30/2010,1.6985
10/31/2010,1.698
11/1/2010,1.6988
11/2/2010,1.7078
11/3/2010,1.7039
11/4/2010,1.7038
11/5/2010,1.6789
11/6/2010,1.6807
11/7/2010,1.6796
11/8/2010,1.6796
11/9/2010,1.698
11/10/2010,1.6988
11/11/2010,1.7126
11/12/2010,1.7224
11/13/2010,1.7216
11/14/2010,1.7192
11/15/2010,1.7192
11/16/2010,1.722
11/17/2010,1.7382
11/18/2010,1.7242
11/19/2010,1.715
11/20/2010,1.721
11/21/2010,1.717
11/22/2010,1.717
11/23/2010,1.7236
11/24/2010,1.7378
11/25/2010,1.7236
11/26/2010,1.7182
11/27/2010,1.7268
11/29/2010,1.7306
11/30/2010,1.729
12/1/2010,1.7161
12/2/2010,1.7015
12/3/2010,1.7021
12/4/2010,1.6871
12/5/2010,1.6869
12/6/2010,1.6869
12/7/2010,1.6848
12/8/2010,1.6792
12/9/2010,1.6915
12/10/2010,1.7068
12/11/2010,1.7207
12/12/2010,1.706
12/13/2010,1.706
12/14/2010,1.7059
12/15/2010,1.6938
12/16/2010,1.6997
12/17/2010,1.7059
12/18/2010,1.7138
12/19/2010,1.7086
12/20/2010,1.7086
12/21/2010,1.7077
12/22/2010,1.6958
12/23/2010,1.6964
12/24/2010,1.696
12/25/2010,1.6909
12/26/2010,1.6909
12/27/2010,1.6909
12/28/2010,1.6899
12/29/2010,1.6878
12/30/2010,1.6822
12/31/2010,1.6636
1/1/2011,1.661
1/2/2011,1.661
1/3/2011,1.6637
1/4/2011,1.6446
1/5/2011,1.6671
1/6/2011,1.6703
1/7/2011,1.6881
1/8/2011,1.6847
1/9/2011,1.6845
1/10/2011,1.6845
1/11/2011,1.6934
1/12/2011,1.6887
1/13/2011,1.6757
1/14/2011,1.6672
1/15/2011,1.6822
1/16/2011,1.682
1/17/2011,1.6857
1/18/2011,1.6826
1/19/2011,1.672
1/20/2011,1.6697
1/21/2011,1.6717
1/22/2011,1.6708
1/23/2011,1.6633
1/24/2011,1.6633
1/25/2011,1.6695
1/26/2011,1.6707
1/27/2011,1.6689
1/28/2011,1.6749
1/29/2011,1.6839
1/30/2011,1.6842
1/31/2011,1.6842
2/1/2011,1.6732
2/2/2011,1.662
2/3/2011,1.6645
2/4/2011,1.6692
2/5/2011,1.6752
2/6/2011,1.6754
2/7/2011,1.6742
2/8/2011,1.6793
2/9/2011,1.6685
2/10/2011,1.6636
2/11/2011,1.668
2/12/2011,1.666
2/13/2011,1.6668
2/14/2011,1.6668
2/15/2011,1.6672
2/16/2011,1.6677
2/17/2011,1.672
2/18/2011,1.6616
2/19/2011,1.6665
2/20/2011,1.6657
2/21/2011,1.6657
2/22/2011,1.6665
2/23/2011,1.6662
2/24/2011,1.6748
2/25/2011,1.663
2/26/2011,1.66
2/28/2011,1.66
3/1/2011,1.6595
3/2/2011,1.6605
3/3/2011,1.6605
3/4/2011,1.6553
3/5/2011,1.6447
3/6/2011,1.644
3/7/2011,1.6441
3/8/2011,1.6532
3/9/2011,1.6542
3/10/2011,1.655
3/11/2011,1.6594
3/14/2011,1.6624
3/15/2011,1.6667
3/16/2011,1.6668
3/17/2011,1.669
3/18/2011,1.6738
3/19/2011,1.67
3/22/2011,1.6623
3/23/2011,1.6653
3/24/2011,1.661
3/25/2011,1.6555
3/29/2011,1.6593
3/30/2011,1.6564
3/31/2011,1.628
4/1/2011,1.6297
4/2/2011,1.6196
4/3/2011,1.6196
4/4/2011,1.6124
4/5/2011,1.6109
4/6/2011,1.6095
4/7/2011,1.6152
4/8/2011,1.5932
4/9/2011,1.5778
4/10/2011,1.5778
4/11/2011,1.5778
4/12/2011,1.5799
4/13/2011,1.5878
4/14/2011,1.593
4/15/2011,1.5825
4/16/2011,1.5726
4/17/2011,1.5726
4/18/2011,1.5731
4/19/2011,1.593
4/20/2011,1.58
4/21/2011,1.577
4/22/2011,1.5641
4/23/2011,1.5641
4/24/2011,1.5641
4/25/2011,1.5667
4/26/2011,1.576
4/27/2011,1.564
4/28/2011,1.5703
4/29/2011,1.587
4/30/2011,1.571
5/1/2011,1.5671
5/2/2011,1.5671
5/3/2011,1.5749
5/4/2011,1.588
5/5/2011,1.6038
5/6/2011,1.618
5/7/2011,1.6098
5/8/2011,1.6041
5/9/2011,1.6041
5/10/2011,1.6228
5/11/2011,1.6083
5/12/2011,1.6202
5/13/2011,1.617
5/14/2011,1.6354
5/15/2011,1.6354
5/16/2011,1.642
5/17/2011,1.6313
5/18/2011,1.6328
5/19/2011,1.6128
5/20/2011,1.6179
5/21/2011,1.616
5/22/2011,1.6165
5/23/2011,1.6165
5/24/2011,1.6378
5/25/2011,1.63
5/26/2011,1.627
5/27/2011,1.6228
5/28/2011,1.5993
5/29/2011,1.6003
5/30/2011,1.6003
5/31/2011,1.5958
6/1/2011,1.583
6/2/2011,1.584
6/3/2011,1.578
6/4/2011,1.571
6/5/2011,1.575
6/6/2011,1.5731
6/7/2011,1.581
6/8/2011,1.578
6/9/2011,1.582
6/10/2011,1.5829
6/11/2011,1.5982
6/12/2011,1.5981
6/13/2011,1.5981
6/14/2011,1.59
6/15/2011,1.5819
6/16/2011,1.5955
6/17/2011,1.6103
6/18/2011,1.5968
6/19/2011,1.5967
6/20/2011,1.5967
6/21/2011,1.5941
6/22/2011,1.588
6/23/2011,1.5878
6/24/2011,1.5914
6/25/2011,1.5958
6/26/2011,1.596
6/27/2011,1.596
6/28/2011,1.5956
6/29/2011,1.5808
6/30/2011,1.5702
7/1/2011,1.5597
7/2/2011,1.5559
7/3/2011,1.556
7/4/2011,1.556
7/5/2011,1.554
7/6/2011,1.5642
7/7/2011,1.565
7/8/2011,1.5556
7/9/2011,1.5652
7/10/2011,1.5652
7/11/2011,1.564
7/12/2011,1.5811
7/13/2011,1.5776
7/14/2011,1.5705
7/15/2011,1.574
7/16/2011,1.574
7/17/2011,1.5741
7/18/2011,1.5741
7/19/2011,1.5838
7/20/2011,1.5684
7/21/2011,1.5639
7/22/2011,1.5528
7/23/2011,1.5537
7/24/2011,1.5543
7/25/2011,1.5542
7/26/2011,1.5422
7/27/2011,1.5324
7/28/2011,1.5654
7/29/2011,1.5643
7/30/2011,1.5518
7/31/2011,1.5501
8/1/2011,1.5501
8/2/2011,1.5621
8/3/2011,1.5661
8/4/2011,1.5658
8/5/2011,1.5796
8/6/2011,1.601
8/7/2011,1.5999
8/8/2011,1.5999
8/9/2011,1.5997
8/10/2011,1.631
8/11/2011,1.6248
8/12/2011,1.6283
8/13/2011,1.6139
8/14/2011,1.614
8/15/2011,1.614
8/16/2011,1.5944
8/17/2011,1.5902
8/18/2011,1.5834
8/19/2011,1.5996
8/20/2011,1.6003
8/21/2011,1.5984
8/22/2011,1.5984
8/23/2011,1.603
8/24/2011,1.6001
8/25/2011,1.6078
8/26/2011,1.61
8/27/2011,1.60495
8/28/2011,1.6057
8/29/2011,1.6057
8/30/2011,1.5965
8/31/2011,1.587
9/1/2011,1.583
9/3/2011,1.638
9/4/2011,1.63525
9/5/2011,1.63525
9/6/2011,1.652
9/8/2011,1.654
9/9/2011,1.6556
9/10/2011,1.6793
9/11/2011,1.68
9/12/2011,1.6792
9/13/2011,1.704
9/15/2011,1.7276
9/16/2011,1.712
9/17/2011,1.711
9/18/2011,1.711
9/19/2011,1.711
9/20/2011,1.7875
9/21/2011,1.7895
9/22/2011,1.8349
9/23/2011,1.8798
9/24/2011,1.8608
9/25/2011,1.8605
9/26/2011,1.8605
9/27/2011,1.8453
9/28/2011,1.8069
9/29/2011,1.8182
9/30/2011,1.8282
10/1/2011,1.85
10/2/2011,1.85
10/3/2011,1.85
10/4/2011,1.882
10/5/2011,1.8817
10/6/2011,1.8367
10/7/2011,1.8102
10/8/2011,1.7674
10/9/2011,1.7674
10/10/2011,1.7673
10/11/2011,1.7499
10/12/2011,1.7519
10/13/2011,1.775
10/14/2011,1.746
10/15/2011,1.7366
10/16/2011,1.7368
10/17/2011,1.7368
10/18/2011,1.7495
10/19/2011,1.7573
10/20/2011,1.7667
10/21/2011,1.788
10/22/2011,1.7718
10/23/2011,1.7707
10/24/2011,1.7707
10/25/2011,1.7518
10/26/2011,1.7616
10/27/2011,1.7647
10/28/2011,1.7211
10/29/2011,1.692
10/31/2011,1.6921
11/1/2011,1.6963
11/2/2011,1.7476
11/3/2011,1.7359
11/4/2011,1.7337
11/5/2011,1.7518
11/6/2011,1.7523
11/7/2011,1.7523
11/8/2011,1.751
11/9/2011,1.738
11/10/2011,1.7582
11/11/2011,1.7617
11/12/2011,1.7465
11/13/2011,1.744
11/14/2011,1.7498
11/15/2011,1.7645
11/16/2011,1.7724
11/17/2011,1.7736
11/18/2011,1.7661
11/19/2011,1.782
11/20/2011,1.7828
11/21/2011,1.7828
11/22/2011,1.8067
11/23/2011,1.8147
11/24/2011,1.8609
11/25/2011,1.8759
11/26/2011,1.8879
11/27/2011,1.888
11/28/2011,1.8889
11/29/2011,1.8562
11/30/2011,1.8464
12/1/2011,1.8066
12/2/2011,1.8003
12/3/2011,1.8013
12/4/2011,1.7946
12/5/2011,1.8008
12/6/2011,1.7819
12/7/2011,1.7982
12/8/2011,1.7929
12/9/2011,1.8157
12/10/2011,1.8076
12/11/2011,1.808
12/12/2011,1.808
12/13/2011,1.841
12/14/2011,1.8551
12/15/2011,1.88
12/16/2011,1.8594
12/17/2011,1.8523
12/18/2011,1.8564
12/19/2011,1.8561
12/20/2011,1.8671
12/21/2011,1.8468
12/22/2011,1.8573
12/23/2011,1.8565
12/24/2011,1.8611
12/25/2011,1.8606
12/26/2011,1.8606
12/27/2011,1.8606
12/28/2011,1.8598
12/29/2011,1.8772
12/30/2011,1.8677
12/31/2011,1.8635
1/1/2012,1.8654
1/2/2012,1.8654
1/3/2012,1.874
1/4/2012,1.8354
1/5/2012,1.8223
1/6/2012,1.8396
1/7/2012,1.8492
1/8/2012,1.8508
1/9/2012,1.8508
1/10/2012,1.8401
1/11/2012,1.8062
1/12/2012,1.8063
1/13/2012,1.7854
1/14/2012,1.788
1/15/2012,1.794
1/16/2012,1.794
1/17/2012,1.7825
1/18/2012,1.7763
1/19/2012,1.7725
1/20/2012,1.7603
1/21/2012,1.7636
1/22/2012,1.7635
1/23/2012,1.7651
1/24/2012,1.7531
1/25/2012,1.7635
1/26/2012,1.7613
1/27/2012,1.7382
1/28/2012,1.7435
1/29/2012,1.743
1/30/2012,1.743
1/31/2012,1.7532
2/1/2012,1.7521
2/2/2012,1.7337
2/3/2012,1.7253
2/4/2012,1.7228
2/5/2012,1.7167
2/6/2012,1.7168
2/7/2012,1.7172
2/8/2012,1.7198
2/9/2012,1.7197
2/10/2012,1.72
2/11/2012,1.7269
2/12/2012,1.722
2/13/2012,1.7218
2/14/2012,1.7207
2/15/2012,1.718
2/16/2012,1.7181
2/17/2012,1.7262
2/18/2012,1.714
2/19/2012,1.7146
2/20/2012,1.7143
2/21/2012,1.7161
2/22/2012,1.7174
2/23/2012,1.7108
2/24/2012,1.7102
2/25/2012,1.7076
2/26/2012,1.7096
2/27/2012,1.7096
2/28/2012,1.7067
2/29/2012,1.7015
3/1/2012,1.7174
3/2/2012,1.7113
3/3/2012,1.7304
3/4/2012,1.7308
3/5/2012,1.7329
3/6/2012,1.7368
3/7/2012,1.7603
3/8/2012,1.764
3/9/2012,1.7751
3/10/2012,1.7789
3/11/2012,1.7908
3/12/2012,1.7908
3/13/2012,1.8307
3/14/2012,1.7987
3/15/2012,1.8149
3/16/2012,1.8029
3/17/2012,1.8033
3/18/2012,1.801
3/19/2012,1.799
3/20/2012,1.8086
3/21/2012,1.8217
3/22/2012,1.8229
3/23/2012,1.8242
3/24/2012,1.8126
3/25/2012,1.8171
3/26/2012,1.8173
3/27/2012,1.815
3/28/2012,1.8125
3/29/2012,1.8238
3/30/2012,1.8324
3/31/2012,1.822
4/1/2012,1.8271
4/2/2012,1.8266
4/3/2012,1.8288
4/4/2012,1.8259
4/5/2012,1.8293
4/6/2012,1.829
4/7/2012,1.8237
4/8/2012,1.8226
4/9/2012,1.8229
4/10/2012,1.821
4/11/2012,1.8313
4/12/2012,1.832
4/13/2012,1.8258
4/14/2012,1.835
4/15/2012,1.8392
4/16/2012,1.8392
4/17/2012,1.8367
4/18/2012,1.851
4/19/2012,1.8819
4/20/2012,1.888
4/21/2012,1.8665
4/25/2012,1.8746
4/26/2012,1.8842
4/27/2012,1.8866
4/28/2012,1.8839
4/29/2012,1.8866
4/30/2012,1.8866
5/1/2012,1.8982
5/2/2012,1.907
5/3/2012,1.9221
5/4/2012,1.9272
5/5/2012,1.9193
5/6/2012,1.9157
5/7/2012,1.9153
5/8/2012,1.9224
5/9/2012,1.936
5/10/2012,1.9546
5/11/2012,1.9475
5/12/2012,1.9506
5/13/2012,1.966
5/14/2012,1.9663
5/15/2012,1.9939
5/16/2012,1.9973
5/17/2012,2.005
5/18/2012,1.9916
5/19/2012,2.0344
5/20/2012,2.0243
5/21/2012,2.0243
5/22/2012,2.043
5/23/2012,2.0517
5/24/2012,2.049
5/25/2012,2.0411
5/26/2012,1.9951
5/27/2012,1.9873
5/28/2012,1.9873
5/29/2012,1.9778
5/30/2012,1.9956
5/31/2012,2.0139
6/1/2012,2.0151
6/2/2012,2.0377
6/3/2012,2.04
6/4/2012,2.0394
6/5/2012,2.0421
6/6/2012,2.0289
6/7/2012,2.0246
6/8/2012,2.0327
6/9/2012,2.0282
6/10/2012,2.0229
6/11/2012,2.0231
6/12/2012,2.0451
6/13/2012,2.0623
6/14/2012,2.0655
6/15/2012,2.0716
6/16/2012,2.0391
6/17/2012,2.0487
6/18/2012,2.04785
6/19/2012,2.06475
6/20/2012,2.0325
6/21/2012,2.0237
6/22/2012,2.0507
6/23/2012,2.05905
6/24/2012,2.067
6/25/2012,2.067
6/26/2012,2.0701
6/27/2012,2.0729
6/28/2012,2.0878
6/29/2012,2.0947
6/30/2012,2.0155
7/1/2012,2.0115
7/2/2012,2.0111
7/3/2012,1.9877
7/4/2012,2.0007
7/5/2012,2.0323
7/6/2012,2.0158
7/7/2012,2.0382
7/8/2012,2.03405
7/9/2012,2.03405
7/10/2012,2.0344
7/11/2012,2.033
7/12/2012,2.0341
7/13/2012,2.0414
7/14/2012,2.0341
7/15/2012,2.0382
7/16/2012,2.0382
7/17/2012,2.0359
7/18/2012,2.0245
7/19/2012,2.0208
7/20/2012,2.019
7/21/2012,2.0257
7/22/2012,2.0256
7/23/2012,2.0247
7/24/2012,2.0384
7/25/2012,2.0463
7/26/2012,2.0372
7/27/2012,2.024
7/28/2012,2.0203
7/29/2012,2.0239
7/30/2012,2.0224
7/31/2012,2.036
8/1/2012,2.049
8/2/2012,2.0408
8/3/2012,2.0491
8/4/2012,2.026
8/5/2012,2.0279
8/6/2012,2.0279
8/7/2012,2.0262
8/8/2012,2.0273
8/9/2012,2.0229
8/10/2012,2.0182
8/11/2012,2.0168
8/12/2012,2.014
8/13/2012,2.0156
8/14/2012,2.026
8/15/2012,2.0257
8/16/2012,2.022
8/17/2012,2.0214
8/18/2012,2.01455
8/19/2012,2.0157
8/20/2012,2.0157
8/21/2012,2.0208
8/22/2012,2.0181
8/23/2012,2.0202
8/24/2012,2.0256
8/25/2012,2.0209
8/26/2012,2.0263
8/27/2012,2.0263
8/28/2012,2.0303
8/29/2012,2.0443
8/30/2012,2.0494
8/31/2012,2.0487
9/1/2012,2.029
9/2/2012,2.0307
9/3/2012,2.0309
9/4/2012,2.0339
9/5/2012,2.0426
9/6/2012,2.042
9/7/2012,2.03505
9/8/2012,2.0279
9/9/2012,2.0284
9/10/2012,2.0284
9/11/2012,2.025
9/12/2012,2.0198
9/13/2012,2.0203
9/14/2012,2.0177
9/15/2012,2.0139
9/16/2012,2.0125
9/17/2012,2.0125
9/18/2012,2.029
9/19/2012,2.0263
9/20/2012,2.0222
9/21/2012,2.0233
9/22/2012,2.0236
9/23/2012,2.0221
9/24/2012,2.0221
9/25/2012,2.026
9/26/2012,2.0263
9/27/2012,2.0329
9/28/2012,2.0302
9/29/2012,2.0266
9/30/2012,2.0258
10/1/2012,2.0258
10/2/2012,2.0253
10/3/2012,2.0258
10/4/2012,2.0248
10/5/2012,2.0196
10/6/2012,2.0281
10/7/2012,2.0313
10/8/2012,2.0166
10/9/2012,2.0307
10/10/2012,2.0365
10/11/2012,2.0393
10/12/2012,2.0376
10/13/2012,2.0427
10/14/2012,2.0449
10/15/2012,2.045
10/16/2012,2.0315
10/17/2012,2.033
10/18/2012,2.0318
10/19/2012,2.0293
10/20/2012,2.0271
10/21/2012,2.0277
10/22/2012,2.02765
10/23/2012,2.0251
10/24/2012,2.0279
10/25/2012,2.0271
10/26/2012,2.026
10/27/2012,2.0262
10/28/2012,2.0274
10/29/2012,2.0267
10/30/2012,2.0316
10/31/2012,2.0319
11/1/2012,2.0308
11/2/2012,2.0313
11/3/2012,2.031
11/4/2012,2.0307
11/5/2012,2.0316
11/6/2012,2.035
11/7/2012,2.034
11/8/2012,2.0348
11/9/2012,2.0401
11/10/2012,2.0502
11/11/2012,2.0462
11/12/2012,2.0429
11/13/2012,2.0508
11/14/2012,2.0637
11/15/2012,2.067
11/16/2012,2.0666
11/17/2012,2.0767
11/18/2012,2.0838
11/19/2012,2.0838
11/20/2012,2.0716
11/21/2012,2.0819
11/22/2012,2.0948
11/23/2012,2.0927
11/24/2012,2.0875
11/25/2012,2.0822
11/26/2012,2.0818
11/27/2012,2.0856
11/28/2012,2.0765
11/29/2012,2.0912
11/30/2012,2.1024
12/1/2012,2.11145
12/2/2012,2.13645
12/3/2012,2.1365
12/4/2012,2.1149
12/5/2012,2.1137
12/6/2012,2.1016
12/7/2012,2.0796
12/8/2012,2.0812
12/9/2012,2.07535
12/10/2012,2.07535
12/11/2012,2.0814
12/12/2012,2.0768
12/13/2012,2.0803
12/14/2012,2.0799
12/15/2012,2.0824
12/16/2012,2.08545
12/17/2012,2.0864
12/18/2012,2.0922
12/19/2012,2.08615
12/20/2012,2.0743
12/21/2012,2.0592
12/22/2012,2.078
12/23/2012,2.07525
12/24/2012,2.07525
12/25/2012,2.0782
12/26/2012,2.0796
12/27/2012,2.0514
12/28/2012,2.0518
12/29/2012,2.0459
12/30/2012,2.04755
12/31/2012,2.0467
1/1/2013,2.04875
1/2/2013,2.0565
1/3/2013,2.0429
1/4/2013,2.0367
1/5/2013,2.0356
1/6/2013,2.034
1/7/2013,2.03395
1/8/2013,2.02555
1/9/2013,2.038
1/10/2013,2.0395
1/11/2013,2.0328
1/12/2013,2.0371
1/13/2013,2.0327
1/14/2013,2.0327
1/15/2013,2.0323
1/16/2013,2.039
1/17/2013,2.0412
1/18/2013,2.0422
1/19/2013,2.0448
1/20/2013,2.0407
1/21/2013,2.04855
1/22/2013,2.0421
1/23/2013,2.0483
1/24/2013,2.0393
1/25/2013,2.0307
1/26/2013,2.0299
1/27/2013,2.02985
1/28/2013,2.03
1/29/2013,2.00295
1/30/2013,1.9885
1/31/2013,1.98875
2/1/2013,1.9882
2/2/2013,1.981
2/3/2013,1.99005
2/4/2013,1.9879
2/5/2013,1.9909
2/6/2013,1.98345
2/7/2013,1.98525
2/8/2013,1.9713
2/9/2013,1.9738
2/10/2013,1.9731
2/11/2013,1.9731
2/12/2013,1.9723
2/13/2013,1.9693
2/14/2013,1.9665
2/15/2013,1.959
2/16/2013,1.9612
2/17/2013,1.9685
2/18/2013,1.96775
2/19/2013,1.9644
2/20/2013,1.9562
2/21/2013,1.9623
2/22/2013,1.97385
2/23/2013,1.97025
2/24/2013,1.97205
2/25/2013,1.9721
2/26/2013,1.9692
2/27/2013,1.98975
2/28/2013,1.9777
3/1/2013,1.9753
3/2/2013,1.9827
3/3/2013,1.97855
3/4/2013,1.97855
3/5/2013,1.9809
3/6/2013,1.9663
3/7/2013,1.9676
3/8/2013,1.95975
3/9/2013,1.94775
3/10/2013,1.94435
3/11/2013,1.9445
3/12/2013,1.96075
3/13/2013,1.9614
3/14/2013,1.9619
3/15/2013,1.9683
3/16/2013,1.97505
3/17/2013,1.98175
3/18/2013,1.98195
3/19/2013,1.98545
3/20/2013,1.9878
3/21/2013,1.9853
3/22/2013,2.001
3/23/2013,2.0178
3/24/2013,2.00955
3/25/2013,2.00955
3/26/2013,2.0113
3/27/2013,2.0077
3/28/2013,2.0098
3/29/2013,2.0168
3/30/2013,2.02235
3/31/2013,2.02215
4/1/2013,2.02215
4/2/2013,2.0156
4/3/2013,2.0233
4/4/2013,2.0234
4/5/2013,2.0191
4/6/2013,1.9929
4/7/2013,1.99675
4/8/2013,1.9863
4/9/2013,1.9886
4/10/2013,1.98445
4/11/2013,1.97825
4/12/2013,1.9721
4/13/2013,1.96645
4/14/2013,1.97075
4/15/2013,1.96945
4/16/2013,1.9793
4/17/2013,1.99225
4/18/2013,2.0028
4/19/2013,2.0159
4/20/2013,2.00515
4/21/2013,2.00845
4/22/2013,2.00825
4/23/2013,2.01545
4/24/2013,2.02205
4/25/2013,2.017
4/26/2013,2.00845
4/27/2013,2.00025
4/28/2013,1.9981
4/29/2013,1.9983
4/30/2013,2.00285
5/1/2013,2.0029
5/2/2013,2.0075
5/3/2013,2.01475
5/4/2013,2.009
5/5/2013,2.00845
5/6/2013,2.00845
5/7/2013,2.01265
5/8/2013,2.00535
5/9/2013,1.99985
5/10/2013,1.99835
5/11/2013,2.02535
5/12/2013,2.0188
5/13/2013,2.0188
5/14/2013,2.0101
5/15/2013,2.0127
5/16/2013,2.0328
5/17/2013,2.0322
5/18/2013,2.03545
5/19/2013,2.031
5/20/2013,2.03435
5/21/2013,2.035
5/22/2013,2.0345
5/23/2013,2.0421
5/24/2013,2.045
5/25/2013,2.0515
5/26/2013,2.0519
5/27/2013,2.0519
5/28/2013,2.0542
5/29/2013,2.0698
5/30/2013,2.1122
5/31/2013,2.11025
6/1/2013,2.1378
6/2/2013,2.1428
6/3/2013,2.10915
6/4/2013,2.13425
6/5/2013,2.1449
6/6/2013,2.12805
6/7/2013,2.1308
6/8/2013,2.13525
6/9/2013,2.1346
6/10/2013,2.1341
6/11/2013,2.1457
6/12/2013,2.14545
6/13/2013,2.1482
6/14/2013,2.1455
6/15/2013,2.141
6/16/2013,2.11515
6/17/2013,2.11515
6/18/2013,2.1616
6/19/2013,2.1705
6/20/2013,2.17135
6/21/2013,2.26105
6/22/2013,2.25105
6/23/2013,2.2435
6/24/2013,2.2435
6/25/2013,2.23405
6/26/2013,2.21865
6/27/2013,2.19645
6/28/2013,2.18505
6/29/2013,2.22125
6/30/2013,2.231
7/1/2013,2.20845
7/2/2013,2.22205
7/3/2013,2.2494
7/4/2013,2.26275
7/5/2013,2.26485
7/6/2013,2.266
7/7/2013,2.2524
7/8/2013,2.2525
7/9/2013,2.2597
7/10/2013,2.26165
7/11/2013,2.2737
7/12/2013,2.26895
7/13/2013,2.26625
7/14/2013,2.2669
7/15/2013,2.2669
7/16/2013,2.23825
7/17/2013,2.24925
7/18/2013,2.22715
7/19/2013,2.22255
7/20/2013,2.23125
7/21/2013,2.24705
7/22/2013,2.24705
7/23/2013,2.23325
7/24/2013,2.2159
7/25/2013,2.25515
7/26/2013,2.2563
7/27/2013,2.2504
7/28/2013,2.24195
7/29/2013,2.2574
7/30/2013,2.2677
7/31/2013,2.27335
8/1/2013,2.29285
8/2/2013,2.29825
8/3/2013,2.2795
8/4/2013,2.28775
8/5/2013,2.289
8/6/2013,2.3026
8/7/2013,2.2945
8/8/2013,2.3008
8/9/2013,2.2801
8/10/2013,2.27465
8/11/2013,2.2716
8/12/2013,2.2716
8/13/2013,2.2776
8/14/2013,2.30715
8/15/2013,2.3171
8/16/2013,2.3387
8/17/2013,2.3851
8/18/2013,2.393
8/19/2013,2.3925
8/20/2013,2.4162
8/21/2013,2.3991
8/22/2013,2.4275
8/23/2013,2.4266
8/24/2013,2.3676
8/25/2013,2.3505
8/26/2013,2.43065
8/27/2013,2.3894
8/28/2013,2.3892
8/29/2013,2.33
8/30/2013,2.369
8/31/2013,2.3865
9/1/2013,2.3839
9/2/2013,2.3857
9/3/2013,2.3682
9/4/2013,2.36265
9/5/2013,2.36095
9/6/2013,2.33225
9/7/2013,2.2951
9/8/2013,2.3056
9/9/2013,2.3056
9/10/2013,2.2765
9/11/2013,2.2875
9/12/2013,2.2732
9/13/2013,2.2746
9/14/2013,2.2841
9/15/2013,2.2735
9/16/2013,2.2735
9/17/2013,2.2764
9/18/2013,2.2577
9/19/2013,2.23855
9/20/2013,2.21225
9/21/2013,2.21375
9/22/2013,2.2125
9/23/2013,2.2125
9/24/2013,2.20285
9/25/2013,2.19185
9/26/2013,2.22695
9/27/2013,2.24575
9/28/2013,2.25795
9/29/2013,2.25185
9/30/2013,2.2412
10/1/2013,2.22515
10/2/2013,2.2279
10/3/2013,2.20375
10/4/2013,2.20555
10/5/2013,2.20785
10/6/2013,2.21395
10/7/2013,2.2125
10/8/2013,2.20315
10/9/2013,2.20345
10/10/2013,2.20825
10/11/2013,2.17505
10/12/2013,2.18155
10/13/2013,2.18445
10/14/2013,2.18445
10/15/2013,2.1854
10/16/2013,2.1789
10/17/2013,2.15975
10/18/2013,2.16315
10/19/2013,2.1621
10/20/2013,2.1711
10/21/2013,2.1711
10/22/2013,2.1783
10/23/2013,2.1725
10/24/2013,2.1835
10/25/2013,2.2005
10/26/2013,2.1871
10/27/2013,2.1878
10/28/2013,2.18725
10/29/2013,2.1838
10/30/2013,2.1804
10/31/2013,2.18355
11/1/2013,2.22795
11/2/2013,2.25075
11/3/2013,2.2567
11/4/2013,2.2567
11/5/2013,2.24215
11/6/2013,2.28435
11/7/2013,2.28965
11/8/2013,2.2992
11/9/2013,2.3207
11/10/2013,2.308
11/11/2013,2.3143
11/12/2013,2.33385
11/13/2013,2.3296
11/14/2013,2.3257
11/15/2013,2.32505
11/16/2013,2.3153
11/17/2013,2.319
11/18/2013,2.31885
11/19/2013,2.27135
11/20/2013,2.26905
11/21/2013,2.259
11/22/2013,2.30765
11/23/2013,2.29205
11/24/2013,2.2788
11/25/2013,2.2788
11/26/2013,2.2883
11/27/2013,2.29785
11/28/2013,2.30925
11/29/2013,2.322
11/30/2013,2.33495
12/1/2013,2.3358
12/2/2013,2.3358
12/3/2013,2.35495
12/4/2013,2.36585
12/5/2013,2.37765
12/6/2013,2.3618
12/7/2013,2.3334
12/8/2013,2.3262
12/9/2013,2.3268
12/10/2013,2.32
12/11/2013,2.3116
12/12/2013,2.3325
12/13/2013,2.3404
12/14/2013,2.3383
12/15/2013,2.332
12/16/2013,2.33
12/17/2013,2.3204
12/18/2013,2.318
12/19/2013,2.3453
12/20/2013,2.3528
12/21/2013,2.37515
12/22/2013,2.3877
12/23/2013,2.3877
12/24/2013,2.37015
12/25/2013,2.3576
12/26/2013,2.3573
12/27/2013,2.3573
12/28/2013,2.3518
12/29/2013,2.3385
12/30/2013,2.3385
12/31/2013,2.3559
1/1/2014,2.3622
1/2/2014,2.3656
1/3/2014,2.3996
1/4/2014,2.38085
1/5/2014,2.37645
1/6/2014,2.3765
1/7/2014,2.37345
1/8/2014,2.37285
1/9/2014,2.39045
1/10/2014,2.40265
1/11/2014,2.3658
1/12/2014,2.3585
1/13/2014,2.3585
1/14/2014,2.3505
1/15/2014,2.3591
1/16/2014,2.3521
1/17/2014,2.36595
1/18/2014,2.35325
1/19/2014,2.34195
1/20/2014,2.366
1/21/2014,2.33375
1/22/2014,2.36135
1/23/2014,2.37105
1/24/2014,2.3906
1/25/2014,2.4019
1/26/2014,2.3983
1/27/2014,2.3982
1/28/2014,2.41835
1/29/2014,2.4259
1/30/2014,2.43635
1/31/2014,2.41385
2/1/2014,2.4143
2/2/2014,2.44075
2/3/2014,2.4127
2/4/2014,2.43425
2/5/2014,2.40915
2/6/2014,2.40135
2/7/2014,2.3893
2/8/2014,2.38215
2/9/2014,2.3802
2/10/2014,2.3802
2/11/2014,2.39465
2/12/2014,2.40695
2/13/2014,2.41255
2/14/2014,2.41415
2/15/2014,2.38545
2/16/2014,2.39035
2/17/2014,2.3891
2/18/2014,2.38265
2/19/2014,2.3909
2/20/2014,2.3891
2/21/2014,2.3713
2/22/2014,2.3584
2/23/2014,2.3456
2/24/2014,2.3456
2/25/2014,2.33195
2/26/2014,2.3332
2/27/2014,2.35005
2/28/2014,2.3332
3/1/2014,2.3313
3/2/2014,2.3384
3/3/2014,2.3384
3/4/2014,2.344
3/5/2014,2.341
3/6/2014,2.32975
3/7/2014,2.30545
3/8/2014,2.33875
3/9/2014,2.3405
3/10/2014,2.3406
3/11/2014,2.34195
3/12/2014,2.3489
3/13/2014,2.36555
3/14/2014,2.35815
3/15/2014,2.35655
3/16/2014,2.3455
3/17/2014,2.3455
3/18/2014,2.34925
3/19/2014,2.3433
3/20/2014,2.3298
3/21/2014,2.3258
3/22/2014,2.322
3/23/2014,2.32605
3/24/2014,2.3248
3/25/2014,2.3256
3/26/2014,2.3063
3/27/2014,2.3103
3/28/2014,2.2726
3/29/2014,2.2592
3/30/2014,2.2611
3/31/2014,2.2611
4/1/2014,2.2572
4/2/2014,2.2609
4/3/2014,2.2723
4/4/2014,2.27815
4/5/2014,2.2443
4/6/2014,2.2358
4/7/2014,2.27895
4/8/2014,2.2258
4/9/2014,2.2044
4/10/2014,2.2174
4/11/2014,2.19185
4/12/2014,2.2082
4/13/2014,2.20785
4/14/2014,2.2189
4/15/2014,2.21075
4/16/2014,2.2348
4/17/2014,2.2392
4/18/2014,2.2518
4/19/2014,2.23725
4/20/2014,2.2332
4/21/2014,2.2332
4/22/2014,2.237
4/23/2014,2.2453
4/24/2014,2.2264
4/25/2014,2.2216
4/26/2014,2.2457
4/27/2014,2.2408
4/28/2014,2.2438
4/29/2014,2.2325
4/30/2014,2.2293
5/1/2014,2.23685
5/2/2014,2.23395
5/3/2014,2.219
5/4/2014,2.21965
5/5/2014,2.22
5/6/2014,2.2415
5/7/2014,2.2237
5/8/2014,2.2245
5/9/2014,2.2035
5/10/2014,2.2216
5/11/2014,2.2125
5/12/2014,2.2125
5/13/2014,2.21765
5/14/2014,2.2098
5/15/2014,2.207
5/16/2014,2.22445
5/17/2014,2.2098
5/18/2014,2.2153
5/19/2014,2.2153
5/20/2014,2.2069
5/21/2014,2.2156
5/22/2014,2.20885
5/23/2014,2.21435
5/24/2014,2.22565
5/25/2014,2.22325
5/26/2014,2.224
5/27/2014,2.21885
5/28/2014,2.24275
5/29/2014,2.2367
5/30/2014,2.21845
5/31/2014,2.24155
6/1/2014,2.2416
6/2/2014,2.2416
6/3/2014,2.26735
6/4/2014,2.27955
6/5/2014,2.28805
6/6/2014,2.26885
6/7/2014,2.24995
6/8/2014,2.2478
6/9/2014,2.2478
6/10/2014,2.22765
6/11/2014,2.2293
6/12/2014,2.2336
6/13/2014,2.22955
6/14/2014,2.229
6/15/2014,2.2246
6/16/2014,2.2246
6/17/2014,2.2325
6/18/2014,2.26175
6/19/2014,2.24825
6/20/2014,2.2225
6/21/2014,2.23245
6/22/2014,2.2303
6/23/2014,2.2303
6/24/2014,2.21675
6/25/2014,2.225
6/26/2014,2.20875
6/27/2014,2.20785
6/28/2014,2.2026
6/29/2014,2.19475
6/30/2014,2.19475
7/1/2014,2.2098
7/2/2014,2.20185
7/3/2014,2.22235
7/4/2014,2.21655
7/5/2014,2.21305
7/6/2014,2.21275
7/7/2014,2.21275
7/8/2014,2.2219
7/9/2014,2.21535
7/10/2014,2.21215
7/11/2014,2.2196
7/12/2014,2.22195
7/13/2014,2.2225
7/14/2014,2.2225
7/15/2014,2.21395
7/16/2014,2.22405
7/17/2014,2.22735
7/18/2014,2.24275
7/19/2014,2.22555
7/20/2014,2.2273
7/21/2014,2.2273
7/22/2014,2.2227
7/23/2014,2.21325
7/24/2014,2.22015
7/25/2014,2.21935
7/26/2014,2.2285
7/27/2014,2.2271
7/28/2014,2.2271
7/29/2014,2.22595
7/30/2014,2.2288
7/31/2014,2.2561
8/1/2014,2.2628
8/2/2014,2.26485
8/3/2014,2.2573
8/4/2014,2.2573
8/5/2014,2.2587
8/6/2014,2.2814
8/7/2014,2.279
8/8/2014,2.2867
8/9/2014,2.28575
8/10/2014,2.284
8/11/2014,2.284
8/12/2014,2.2752
8/13/2014,2.27375
8/14/2014,2.2728
8/15/2014,2.2669
8/16/2014,2.2658
8/17/2014,2.2614
8/18/2014,2.2614
8/19/2014,2.2586
8/20/2014,2.2517
8/21/2014,2.2564
8/22/2014,2.2547
8/23/2014,2.2806
8/25/2014,2.2779
8/26/2014,2.2868
8/27/2014,2.26925
8/28/2014,2.2601
8/29/2014,2.24475
8/30/2014,2.23775
8/31/2014,2.24925
9/1/2014,2.2366
9/2/2014,2.23875
9/3/2014,2.24435
9/4/2014,2.23545
9/5/2014,2.2417
9/6/2014,2.2408
9/8/2014,2.243
9/9/2014,2.2643
9/10/2014,2.2778
9/11/2014,2.2979
9/12/2014,2.284
9/13/2014,2.32945
9/14/2014,2.32945
9/15/2014,2.34425
9/16/2014,2.32625
9/17/2014,2.32625
9/18/2014,2.3434
9/19/2014,2.3612
9/20/2014,2.3786
9/21/2014,2.37
9/22/2014,2.37
9/23/2014,2.398
9/24/2014,2.40555
9/26/2014,2.42185
9/27/2014,2.42005
9/28/2014,2.4396
9/29/2014,2.4395
9/30/2014,2.44825
10/1/2014,2.4589
10/2/2014,2.47945
10/3/2014,2.48595
10/4/2014,2.48595
10/5/2014,2.48595
10/6/2014,2.41775
10/7/2014,2.4002
10/8/2014,2.4002
10/9/2014,2.41765
10/10/2014,2.39275
10/11/2014,2.40475
10/12/2014,2.428
10/13/2014,2.4058
10/14/2014,2.38595
10/15/2014,2.39825
10/16/2014,2.44475
10/17/2014,2.4639
10/18/2014,2.44195
10/19/2014,2.4357
10/20/2014,2.4357
10/21/2014,2.45965
10/22/2014,2.47635
10/23/2014,2.48385
10/24/2014,2.51105
10/25/2014,2.46935
10/26/2014,2.4739
10/27/2014,2.4739
10/28/2014,2.5274
10/29/2014,2.48265
10/30/2014,2.44305
10/31/2014,2.4049
11/1/2014,2.4572
11/2/2014,2.4335
11/3/2014,2.4335
11/4/2014,2.4974
11/5/2014,2.5185
11/6/2014,2.50855
11/7/2014,2.552
11/8/2014,2.5671
11/9/2014,2.56895
11/10/2014,2.56895
11/11/2014,2.538
11/12/2014,2.5631
11/13/2014,2.5494
11/14/2014,2.5954
11/15/2014,2.6052
11/16/2014,2.59005
11/17/2014,2.6018
11/18/2014,2.5999
11/19/2014,2.5932
11/20/2014,2.58195
11/21/2014,2.573
11/22/2014,2.5241
11/23/2014,2.5152
11/24/2014,2.5152
11/25/2014,2.5443
11/26/2014,2.5321
11/27/2014,2.5086
11/28/2014,2.5064
11/29/2014,2.5714
11/30/2014,2.5516
12/1/2014,2.5516
12/2/2014,2.56025
12/3/2014,2.5767
12/4/2014,2.55745
12/5/2014,2.57565
12/6/2014,2.60515
12/7/2014,2.58935
12/8/2014,2.58935
12/9/2014,2.61425
12/10/2014,2.5978
12/11/2014,2.61255
12/12/2014,2.6453
12/13/2014,2.6732
12/14/2014,2.6546
12/15/2014,2.6546
12/16/2014,2.6945
12/17/2014,2.7288
12/18/2014,2.69625
12/19/2014,2.65875
12/20/2014,2.66205
12/21/2014,2.657
12/22/2014,2.657
12/23/2014,2.65415
12/24/2014,2.7011
12/25/2014,2.6956
12/26/2014,2.6957
12/27/2014,2.6818
12/28/2014,2.69595
12/29/2014,2.69595
12/30/2014,2.6922
12/31/2014,2.6624
1/4/2015,2.69455
1/5/2015,2.69455
1/6/2015,2.72665
1/7/2015,2.69975
1/8/2015,2.7004
1/9/2015,2.663
1/10/2015,2.6392
1/11/2015,2.6298
1/12/2015,2.6298
1/13/2015,2.6676
1/14/2015,2.6369
1/15/2015,2.6146
1/16/2015,2.63155
1/17/2015,2.6218
1/18/2015,2.6219
1/19/2015,2.6219
1/20/2015,2.6336
1/21/2015,2.614
1/22/2015,2.59915
1/23/2015,2.562
1/24/2015,2.57655
1/25/2015,2.5814
1/26/2015,2.5814
1/27/2015,2.58345
1/28/2015,2.57305
1/29/2015,2.58295
1/30/2015,2.61595
1/31/2015,2.68695
2/1/2015,2.6838
2/2/2015,2.6838
2/3/2015,2.70955
2/4/2015,2.7036
2/5/2015,2.7418
2/6/2015,2.7299
2/7/2015,2.7695
2/8/2015,2.7831
2/9/2015,2.7831
2/10/2015,2.78645
2/11/2015,2.8298
2/12/2015,2.8701
2/13/2015,2.82175
2/14/2015,2.82775
2/15/2015,2.83445
2/16/2015,2.83445
2/17/2015,2.8351
2/18/2015,2.8294
2/19/2015,2.84105
2/20/2015,2.8575
2/21/2015,2.8778
2/22/2015,2.8691
2/23/2015,2.8691
2/24/2015,2.869
2/25/2015,2.8827
2/26/2015,2.86375
2/27/2015,2.88065
2/28/2015,2.8548
3/1/2015,2.8418
3/2/2015,2.8418
3/3/2015,2.8769
3/4/2015,2.89825
3/5/2015,2.9779
3/6/2015,2.9953
3/7/2015,3.061
3/8/2015,3.062
3/9/2015,3.062
3/10/2015,3.1013
3/11/2015,3.1267
3/12/2015,3.1022
3/13/2015,3.14495
3/14/2015,3.2458
3/15/2015,3.2488
3/16/2015,3.2488
3/17/2015,3.22075
3/18/2015,3.26695
3/19/2015,3.26605
3/20/2015,3.29035
3/21/2015,3.2123
3/22/2015,3.2296
3/23/2015,3.2296
3/24/2015,3.14825
3/25/2015,3.1568
3/26/2015,3.16335
3/27/2015,3.18655
3/28/2015,3.23615
3/29/2015,3.2462
3/30/2015,3.2462
3/31/2015,3.2484
4/1/2015,3.20535
4/2/2015,3.1585
4/3/2015,3.135
4/4/2015,3.121
4/5/2015,3.1266
4/6/2015,3.1266
4/7/2015,3.0895
4/8/2015,3.1156
4/9/2015,3.0553
4/10/2015,3.03945
4/11/2015,3.0822
4/12/2015,3.0768
4/13/2015,3.0768
4/14/2015,3.1082
4/15/2015,3.0637
4/16/2015,3.0369
4/17/2015,3.0033
4/18/2015,3.0564
4/19/2015,3.0406
4/20/2015,3.0406
4/21/2015,3.03305
4/22/2015,3.0337
4/23/2015,3.0091
4/24/2015,2.9838
4/25/2015,2.963
4/26/2015,2.9518
4/27/2015,2.9518
4/28/2015,2.9098
4/29/2015,2.9182
4/30/2015,2.9345
5/1/2015,3.00665
5/2/2015,3.0145
5/3/2015,3.0161
5/4/2015,3.0161
5/5/2015,3.0747
5/6/2015,3.0624
5/7/2015,3.04455
5/8/2015,3.0273
5/9/2015,2.98215
5/10/2015,2.9762
5/11/2015,2.9762
5/12/2015,3.0403
5/13/2015,3.03045
5/14/2015,3.02135
5/15/2015,2.998
5/16/2015,2.9858
5/17/2015,2.9964
5/18/2015,2.9964
5/19/2015,3.02
5/20/2015,3.0235
5/21/2015,3.0136
5/22/2015,3.0342
5/23/2015,3.08645
5/24/2015,3.094
5/25/2015,3.094
5/26/2015,3.11105
5/27/2015,3.14945
5/28/2015,3.1588
5/29/2015,3.16755
5/30/2015,3.17825
5/31/2015,3.1783
6/1/2015,3.17945
6/2/2015,3.18585
6/3/2015,3.12975
6/4/2015,3.13285
6/5/2015,3.14735
6/6/2015,3.149
6/7/2015,3.1432
6/8/2015,3.1432
6/9/2015,3.11485
6/10/2015,3.10165
6/11/2015,3.11025
6/12/2015,3.12535
6/13/2015,3.11475
6/14/2015,3.12035
6/15/2015,3.12035
6/16/2015,3.11
6/17/2015,3.09935
6/18/2015,3.07805
6/19/2015,3.0595
6/20/2015,3.0813
6/21/2015,3.0967
6/22/2015,3.0967
6/23/2015,3.0821
6/24/2015,3.0921
6/25/2015,3.09645
6/26/2015,3.1269
6/27/2015,3.1278
6/28/2015,3.1307
6/29/2015,3.1307
6/30/2015,3.12215
7/1/2015,3.1061
7/2/2015,3.1378
7/3/2015,3.103
7/4/2015,3.1297
7/5/2015,3.1342
7/6/2015,3.1342
7/7/2015,3.1452
7/8/2015,3.18815
7/9/2015,3.2277
7/10/2015,3.21445
7/11/2015,3.1744
7/12/2015,3.1606
7/13/2015,3.1606
7/14/2015,3.14025
7/15/2015,3.1238
7/16/2015,3.13975
7/17/2015,3.1518
7/18/2015,3.1925
7/19/2015,3.18875
7/20/2015,3.18875
7/21/2015,3.21125
7/22/2015,3.17345
7/23/2015,3.2284
7/24/2015,3.29185
7/25/2015,3.33955
7/26/2015,3.3565
7/27/2015,3.3565
7/28/2015,3.366
7/29/2015,3.3934
7/30/2015,3.3268
7/31/2015,3.37985
8/1/2015,3.41695
8/2/2015,3.423
8/3/2015,3.423
8/4/2015,3.45255
8/5/2015,3.4824
8/6/2015,3.48655
8/7/2015,3.5495
8/8/2015,3.51935
8/9/2015,3.5075
8/10/2015,3.5075
8/11/2015,3.4592
8/12/2015,3.5063
8/13/2015,3.4847
8/14/2015,3.5049
8/15/2015,3.4758
8/16/2015,3.4829
8/17/2015,3.4829
8/18/2015,3.47665
8/19/2015,3.469
8/20/2015,3.4913
8/21/2015,3.45625
8/22/2015,3.49355
8/23/2015,3.5015
8/24/2015,3.5015
8/25/2015,3.54655
8/26/2015,3.5796
8/27/2015,3.63545
8/28/2015,3.55085
8/29/2015,3.59105
8/30/2015,3.5823
8/31/2015,3.5823
9/1/2015,3.62685
9/2/2015,3.67525
9/3/2015,3.7541
9/4/2015,3.7579
9/5/2015,3.8325
9/6/2015,3.8433
9/7/2015,3.8433
9/8/2015,3.84
9/9/2015,3.80515
9/10/2015,3.8013
9/11/2015,3.84155
9/12/2015,3.8732
9/13/2015,3.8732
9/14/2015,3.8732
9/15/2015,3.85855
9/16/2015,3.87455
9/17/2015,3.82695
9/18/2015,3.87885
9/19/2015,3.92235
9/20/2015,3.944
9/21/2015,3.944
9/22/2015,3.9893
9/23/2015,4.0539
9/24/2015,4.1161
9/25/2015,4.10275
9/26/2015,3.9563
9/27/2015,3.9726
9/28/2015,3.9726
9/29/2015,4.0395
9/30/2015,4.078
10/1/2015,3.96485
10/2/2015,4.00245
10/3/2015,3.95665
10/4/2015,3.9325
10/5/2015,3.9325
10/6/2015,3.9115
10/7/2015,3.83745
10/8/2015,3.8271
10/9/2015,3.83755
10/10/2015,3.7533
10/11/2015,3.76565
10/12/2015,3.76565
10/13/2015,3.76545
10/14/2015,3.8479
10/15/2015,3.8317
10/16/2015,3.8208
10/17/2015,3.839
10/18/2015,3.9257
10/19/2015,3.9257
10/20/2015,3.90225
10/21/2015,3.9024
10/22/2015,3.94205
10/23/2015,3.9126
10/24/2015,3.90135
10/25/2015,3.8806
10/26/2015,3.8806
10/27/2015,3.8777
10/28/2015,3.9002
10/29/2015,3.8678
10/30/2015,3.8697
10/31/2015,3.8534
11/1/2015,3.8564
11/2/2015,3.8564
11/3/2015,3.85185
11/4/2015,3.76075
11/5/2015,3.8023
11/6/2015,3.7875
11/7/2015,3.8015
11/8/2015,3.7713
11/9/2015,3.7713
11/10/2015,3.79015
11/11/2015,3.799
11/12/2015,3.7758
11/13/2015,3.78955
11/14/2015,3.8307
11/15/2015,3.8456
11/16/2015,3.8456
11/17/2015,3.84125
11/18/2015,3.80915
11/19/2015,3.79095
11/20/2015,3.7375
11/21/2015,3.70645
11/22/2015,3.72305
11/23/2015,3.72305
11/24/2015,3.72075
11/25/2015,3.71245
11/26/2015,3.7657
11/27/2015,3.74255
11/28/2015,3.77655
11/29/2015,3.8464
11/30/2015,3.8464
12/1/2015,3.9184
12/2/2015,3.8433
12/3/2015,3.869
12/4/2015,3.78025
12/5/2015,3.7462
12/6/2015,3.75465
12/7/2015,3.75465
12/8/2015,3.76425
12/9/2015,3.80425
12/10/2015,3.74235
12/11/2015,3.77125
12/12/2015,3.87535
12/13/2015,3.83545
12/14/2015,3.83545
12/15/2015,3.89915
12/16/2015,3.89465
12/17/2015,3.94035
12/18/2015,3.9061
12/19/2015,3.9283
12/20/2015,3.9821
12/21/2015,3.9821
12/22/2015,4.0216
12/23/2015,3.99995
12/24/2015,3.9663
12/25/2015,3.93755
12/26/2015,3.9356
12/27/2015,3.93095
12/28/2015,3.93095
12/29/2015,3.8797
12/30/2015,3.881
12/31/2015,3.99115
1/1/2016,3.96115
1/2/2016,3.9714
1/3/2016,3.9721
1/4/2016,3.9721
1/5/2016,4.0612
1/6/2016,4.0137
1/7/2016,4.02015
1/8/2016,4.0466
1/9/2016,4.0471
1/10/2016,4.0161
1/11/2016,4.0161
1/12/2016,4.0473
1/13/2016,4.0497
1/14/2016,3.9915
1/15/2016,4.0045
1/16/2016,4.04455
1/17/2016,4.0272
1/18/2016,4.0272
1/19/2016,4.03435
1/20/2016,4.04245
1/21/2016,4.11
1/22/2016,4.1406
1/23/2016,4.1129
1/24/2016,4.0945
1/25/2016,4.0945
1/26/2016,4.0899
1/27/2016,4.0718
1/28/2016,4.05715
1/29/2016,4.10065
1/30/2016,4.02825
1/31/2016,4.0008
2/1/2016,4.0008
2/2/2016,3.9825
2/3/2016,3.99415
2/4/2016,3.94175
2/5/2016,3.8754
2/6/2016,3.9173
2/7/2016,3.9035
2/8/2016,3.9035
2/9/2016,3.8996
2/10/2016,3.88925
2/11/2016,3.9412
2/12/2016,3.9802
2/13/2016,3.97715
2/14/2016,3.9904
2/15/2016,3.9904
2/16/2016,3.9869
2/17/2016,4.0644
2/18/2016,3.9838
2/19/2016,4.0226
2/20/2016,4.0447
2/21/2016,4.0214
2/22/2016,4.0214
2/23/2016,3.9424
2/24/2016,3.97205
2/25/2016,3.98195
2/26/2016,3.93785
2/27/2016,4.00735
2/28/2016,3.98755
2/29/2016,3.98755
3/1/2016,3.9766
3/2/2016,3.95355
3/3/2016,3.8907
3/4/2016,3.82175
3/5/2016,3.7207
3/6/2016,3.7915
3/7/2016,3.7915
3/8/2016,3.77895
3/9/2016,3.77665
3/10/2016,3.6934
3/11/2016,3.6704
3/12/2016,3.61605
3/13/2016,3.5941
3/14/2016,3.5941
3/15/2016,3.6243
3/16/2016,3.7523
3/17/2016,3.7805
3/18/2016,3.62695
3/19/2016,3.61635
3/20/2016,3.62465
3/21/2016,3.62465
3/22/2016,3.60825
3/23/2016,3.5791
3/24/2016,3.6595
3/25/2016,3.6996
3/26/2016,3.6835
3/27/2016,3.68705
3/28/2016,3.68705
3/29/2016,3.638
3/30/2016,3.65665
3/31/2016,3.62395
4/1/2016,3.5625
4/2/2016,3.5589
4/3/2016,3.5543
4/4/2016,3.5536
4/5/2016,3.5981
4/6/2016,3.6629
4/7/2016,3.65835
4/8/2016,3.69735
4/9/2016,3.6223
4/10/2016,3.58975
4/11/2016,3.58975
4/12/2016,3.5062
4/13/2016,3.5248
4/14/2016,3.50815
4/15/2016,3.50005
4/16/2016,3.54365
4/17/2016,3.5315
4/18/2016,3.5315
4/19/2016,3.57665
4/20/2016,3.5498
4/21/2016,3.53715
4/22/2016,3.53695
4/23/2016,3.5724
4/24/2016,3.5659
4/25/2016,3.5659
4/26/2016,3.54895
4/27/2016,3.52295
4/28/2016,3.5345
4/29/2016,3.48865
4/30/2016,3.4556
5/1/2016,3.43625
5/2/2016,3.43625
5/3/2016,3.4888
5/4/2016,3.55815
5/5/2016,3.53505
5/6/2016,3.5432
5/7/2016,3.5065
5/8/2016,3.5025
5/9/2016,3.5025
5/10/2016,3.5572
5/11/2016,3.4766
5/12/2016,3.4631
5/13/2016,3.4724
5/14/2016,3.508
5/15/2016,3.53375
5/16/2016,3.53375
5/17/2016,3.5084
5/18/2016,3.497
5/19/2016,3.52565
5/20/2016,3.58455
5/21/2016,3.5627
5/22/2016,3.56085
5/23/2016,3.5623
5/24/2016,3.58105
5/25/2016,3.5799
5/26/2016,3.6028
5/27/2016,3.5777
5/28/2016,3.6087
5/29/2016,3.6125
5/30/2016,3.6125
5/31/2016,3.5838
6/1/2016,3.6094
6/2/2016,3.6067
6/3/2016,3.58635
6/4/2016,3.5293
6/5/2016,3.528
6/6/2016,3.528
6/7/2016,3.4969
6/8/2016,3.45255
6/9/2016,3.385
6/10/2016,3.39095
6/11/2016,3.4373
6/12/2016,3.41935
6/13/2016,3.41935
6/14/2016,3.48135
6/15/2016,3.48845
6/16/2016,3.46695
6/17/2016,3.47305
6/18/2016,3.42905
6/19/2016,3.4178
6/20/2016,3.4178
6/21/2016,3.40465
6/22/2016,3.39005
6/23/2016,3.38015
6/24/2016,3.3451
6/25/2016,3.3819
6/26/2016,3.3727
6/27/2016,3.3727
6/28/2016,3.40665
6/29/2016,3.3124
6/30/2016,3.2631
7/1/2016,3.2136
7/2/2016,3.2296
7/3/2016,3.2342
7/4/2016,3.2342
7/5/2016,3.2511
7/6/2016,3.2985
7/7/2016,3.336
7/8/2016,3.3451
7/9/2016,3.2905
7/10/2016,3.3013
7/11/2016,3.3013
7/12/2016,3.30345
7/13/2016,3.2819
7/14/2016,3.2833
7/15/2016,3.2406
7/16/2016,3.2644
7/17/2016,3.2816
7/18/2016,3.2816
7/19/2016,3.2542
7/20/2016,3.2715
7/21/2016,3.2509
7/22/2016,3.2825
7/23/2016,3.28065
7/24/2016,3.2565
7/25/2016,3.2565
7/26/2016,3.29035
7/27/2016,3.27225
7/28/2016,3.2857
7/29/2016,3.2765
7/30/2016,3.2543
7/31/2016,3.24975
8/1/2016,3.24975
8/2/2016,3.27335
8/3/2016,3.27055
8/4/2016,3.2432
8/5/2016,3.20805
8/6/2016,3.1786
8/7/2016,3.1643
8/8/2016,3.1643
8/9/2016,3.1693
8/10/2016,3.1556
8/11/2016,3.1222
8/12/2016,3.14645
8/13/2016,3.1728
8/14/2016,3.192
8/15/2016,3.192
8/16/2016,3.1753
8/17/2016,3.1774
8/18/2016,3.2266
8/19/2016,3.2305
8/20/2016,3.2243
8/21/2016,3.206
8/22/2016,3.206
8/23/2016,3.2209
8/24/2016,3.2181
8/25/2016,3.2318
8/26/2016,3.2334
8/27/2016,3.26205
8/28/2016,3.2648
8/29/2016,3.2646
8/30/2016,3.2424
8/31/2016,3.2546
9/1/2016,3.2467
9/2/2016,3.2489
9/3/2016,3.249
9/4/2016,3.2567
9/5/2016,3.2576
9/6/2016,3.2737
9/7/2016,3.2162
9/8/2016,3.1946
9/9/2016,3.1924
9/10/2016,3.2797
9/11/2016,3.25655
9/12/2016,3.27685
9/13/2016,3.3157
9/14/2016,3.3139
9/15/2016,3.337
9/16/2016,3.3229
9/17/2016,3.2835
9/18/2016,3.2639
9/19/2016,3.2673
9/20/2016,3.2714
9/21/2016,3.2632
9/22/2016,3.2378
9/23/2016,3.2174
9/24/2016,3.2395
9/25/2016,3.2447
9/26/2016,3.2447
9/27/2016,3.2399
9/28/2016,3.2308
9/29/2016,3.241
9/30/2016,3.2513
10/1/2016,3.2445
10/2/2016,3.2631
10/3/2016,3.2611
10/4/2016,3.2269
10/5/2016,3.2498
10/6/2016,3.2316
10/7/2016,3.2309
10/8/2016,3.2274
10/9/2016,3.2207
10/10/2016,3.2101
10/11/2016,3.2149
10/12/2016,3.203
10/13/2016,3.194
10/14/2016,3.19
10/15/2016,3.2043
10/16/2016,3.2035
10/17/2016,3.198
10/18/2016,3.1765
10/19/2016,3.1714
10/20/2016,3.1555
10/21/2016,3.1613
10/22/2016,3.1504
10/23/2016,3.1504
10/24/2016,3.1192
10/25/2016,3.1109
10/26/2016,3.1326
10/27/2016,3.1563
10/28/2016,3.1799
10/29/2016,3.20655
10/30/2016,3.2046
10/31/2016,3.1847
11/1/2016,3.2405
11/2/2016,3.2376
11/3/2016,3.2421
11/4/2016,3.2328
11/5/2016,3.2357
11/6/2016,3.2338
11/7/2016,3.1969
11/8/2016,3.1811
11/9/2016,3.2151
11/10/2016,3.3593
11/11/2016,3.4199
11/12/2016,3.3915
11/13/2016,3.3915
11/14/2016,3.4483
11/15/2016,3.4385
11/16/2016,3.4204
11/17/2016,3.4034
11/18/2016,3.3899
11/19/2016,3.38375
11/20/2016,3.3838
11/21/2016,3.3633
11/22/2016,3.3587
11/23/2016,3.3995
11/24/2016,3.3992
11/25/2016,3.4253
11/26/2016,3.42135
11/27/2016,3.4225
11/28/2016,3.3898
11/29/2016,3.4063
11/30/2016,3.388
12/1/2016,3.4699
12/2/2016,3.4579
12/3/2016,3.47615
12/4/2016,3.4762
12/5/2016,3.4328
12/6/2016,3.43495
12/7/2016,3.4001
12/8/2016,3.3822
12/9/2016,3.3577
12/10/2016,3.3785
12/11/2016,3.3803
12/12/2016,3.3453
12/13/2016,3.3336
12/14/2016,3.3327
12/15/2016,3.3924
12/16/2016,3.38825
12/17/2016,3.3919
12/18/2016,3.3919
12/19/2016,3.37405
12/20/2016,3.3629
12/21/2016,3.33185
12/22/2016,3.3162
12/23/2016,3.2696
12/24/2016,3.271
12/25/2016,3.271
12/26/2016,3.2741
12/27/2016,3.27915
12/28/2016,3.2839
12/29/2016,3.24545
12/30/2016,3.2547
12/31/2016,3.2547
1/1/2017,3.2547
1/2/2017,3.27655
1/3/2017,3.2541
1/4/2017,3.2222
1/5/2017,3.2097
1/6/2017,3.2114
1/7/2017,3.2237
1/8/2017,3.2237
1/9/2017,3.1954
1/10/2017,3.1914
1/11/2017,3.2144
1/12/2017,3.1833
1/13/2017,3.2097
1/14/2017,3.2213
1/15/2017,3.2213
1/16/2017,3.2267
1/17/2017,3.21055
1/18/2017,3.22115
1/19/2017,3.2065
1/20/2017,3.18875
1/21/2017,3.169
1/22/2017,3.169
1/23/2017,3.1671
1/24/2017,3.1689
1/25/2017,3.1707
1/26/2017,3.19125
1/27/2017,3.153
1/28/2017,3.141
1/29/2017,3.141
1/30/2017,3.117
1/31/2017,3.1466
2/1/2017,3.15385
2/2/2017,3.12475
2/3/2017,3.1152
2/4/2017,3.1177
2/5/2017,3.1175
2/6/2017,3.11845
2/7/2017,3.1279
2/8/2017,3.11975
2/9/2017,3.1257
2/10/2017,3.11335
2/11/2017,3.1194
2/12/2017,3.1158
2/13/2017,3.1119
2/14/2017,3.1167
2/15/2017,3.05995
2/16/2017,3.0672
2/17/2017,3.1046
2/18/2017,3.1046
2/19/2017,3.1048
2/20/2017,3.0859
2/21/2017,3.0946
2/22/2017,3.07705
2/23/2017,3.06495
2/24/2017,3.10355
2/25/2017,3.111
2/26/2017,3.111
2/27/2017,3.1084
2/28/2017,3.1091
3/1/2017,3.1124
3/2/2017,3.1254
3/3/2017,3.14045
3/4/2017,3.11605
3/5/2017,3.11595
3/6/2017,3.1225
3/7/2017,3.1198
3/8/2017,3.1485
3/9/2017,3.17475
3/10/2017,3.1558
3/11/2017,3.13835
3/12/2017,3.1384
3/13/2017,3.1525
3/14/2017,3.16275
3/15/2017,3.163
3/16/2017,3.1165
3/17/2017,3.1058
3/18/2017,3.0918
3/19/2017,3.0918
3/20/2017,3.0783
3/21/2017,3.08515
3/22/2017,3.08735
3/23/2017,3.133
3/24/2017,3.11725
3/25/2017,3.108
3/26/2017,3.108
3/27/2017,3.1295
3/28/2017,3.1367
3/29/2017,3.1208
3/30/2017,3.12995
3/31/2017,3.13225
4/2/2017,3.1222
4/3/2017,3.1165
4/4/2017,3.1161
4/5/2017,3.0929
4/6/2017,3.1163
4/7/2017,3.1278
4/8/2017,3.1459
4/9/2017,3.1459
4/10/2017,3.1418
4/11/2017,3.1361
4/12/2017,3.1531
4/13/2017,3.13655
4/14/2017,3.145
4/15/2017,3.14445
4/16/2017,3.1446
4/17/2017,3.1039
4/18/2017,3.1043
4/19/2017,3.1383
4/20/2017,3.1598
4/21/2017,3.149
4/22/2017,3.14785
4/23/2017,3.1481
4/24/2017,3.1328
4/25/2017,3.1593
4/26/2017,3.202
4/27/2017,3.1757
4/28/2017,3.1868
4/29/2017,3.17605
4/30/2017,3.1772
5/1/2017,3.1761
5/2/2017,3.1709
5/4/2017,3.1914
5/5/2017,3.1781
5/6/2017,3.17735
5/7/2017,3.17735
5/8/2017,3.2042
5/9/2017,3.1855
5/10/2017,3.1584
5/11/2017,3.1502
5/12/2017,3.1205
5/13/2017,3.12445
5/14/2017,3.1233
5/15/2017,3.1043
5/16/2017,3.0923
5/17/2017,3.1055
5/18/2017,3.3726
5/20/2017,3.25595
5/21/2017,3.2548
5/22/2017,3.2917
5/23/2017,3.2787
5/24/2017,3.276
5/25/2017,3.2933
5/26/2017,3.2642
5/27/2017,3.2604
5/28/2017,3.2604
5/29/2017,3.2676
5/30/2017,3.2688
5/31/2017,3.2486
6/1/2017,3.2444
6/2/2017,3.2415
6/3/2017,3.2487
6/4/2017,3.2487
6/5/2017,3.2864
6/6/2017,3.2825
6/7/2017,3.2857
6/8/2017,3.2806
6/9/2017,3.2786
6/10/2017,3.29695
6/11/2017,3.2958
6/12/2017,3.3167
6/13/2017,3.3048
6/14/2017,3.2802
6/15/2017,3.2745
6/16/2017,3.2941
6/17/2017,3.2916
6/18/2017,3.2916
6/19/2017,3.2961
6/20/2017,3.3344
6/21/2017,3.3321
6/22/2017,3.3267
6/23/2017,3.3326
6/24/2017,3.3333
6/25/2017,3.33335
6/26/2017,3.3136
6/27/2017,3.3282
6/28/2017,3.301
6/29/2017,3.3082
6/30/2017,3.3068
7/1/2017,3.3029
7/2/2017,3.3029
7/3/2017,3.2996
7/4/2017,3.3039
7/5/2017,3.3063
7/6/2017,3.3091
7/7/2017,3.2841
7/8/2017,3.2814
7/9/2017,3.2811
7/10/2017,3.2635
7/11/2017,3.2503
7/12/2017,3.2271
7/13/2017,3.2078
7/14/2017,3.1847
7/15/2017,3.183
7/16/2017,3.183
7/17/2017,3.1798
7/18/2017,3.1569
7/19/2017,3.1524
7/20/2017,3.1336
7/21/2017,3.129
7/22/2017,3.1417
7/23/2017,3.1417
7/24/2017,3.1488
7/25/2017,3.1682
7/26/2017,3.1613
7/27/2017,3.1512
7/28/2017,3.1442
7/29/2017,3.1326
7/30/2017,3.1326
7/31/2017,3.1284
8/1/2017,3.1143
8/2/2017,3.1194
8/3/2017,3.1173
8/4/2017,3.1195
8/5/2017,3.1387
8/6/2017,3.1308
8/7/2017,3.1275
8/11/2017,3.1596
8/12/2017,3.1925
8/13/2017,3.1925
8/14/2017,3.1821
8/15/2017,3.1891
8/16/2017,3.1653
8/17/2017,3.1647
8/18/2017,3.1507
8/19/2017,3.1464
8/20/2017,3.1468
8/21/2017,3.1501
8/23/2017,3.1512
8/24/2017,3.1348
8/25/2017,3.1435
8/26/2017,3.15945
